Workbook

Sheet PROJECT OVERVIEW
A1: SYNTHETIC CLAIMS OPPORTUNITY PORTFOLIO PROJECT
A4: Project objective | B4: Consolidated 560 synthetic claims across five source-report categories and 12 analyst views. Developed formula-driven classifications, three dashboard visualizations, linked record-level views, and independent audit controls that verified unique claim IDs, source-report totals, indicator distributions, and complete analyst-level coverage with zero unexplained differences.
A7: Scope | B7: 560 fully synthetic claims across 12 fictional claims analysts and five opportunity indicators.
A9: Tools demonstrated | B9: Formula-driven classifications, text-search logic, conditional formatting, dashboard KPIs and charts, linked analyst views, and independent reconciliation controls.
A11: Fictional reporting date | B11: December 31, 2031. All time-dependent statuses and classifications are interpreted relative to this fictional reporting date.
A13: Data statement | B13: All names, organizations, identifiers, dates, amounts, evaluator names, statuses, and alert text are synthetic and fictional.
A15: Methodology | B15: For each claim, an indicator is set to ‘Y’ when the claim appears on the corresponding synthetic source report: settlement authorization, open stipulation without C&R, pending QME, automated claim alert, or inactive customer. ”
A17: Important limitation | B17: Opportunity Signal Level is determined solely by active-indicator count: one indicator is classified as Single-Signal, two as Multi-Signal, three as Elevated Multi-Signal, four as High Multi-Signal, and five as Maximum Multi-Signal.
A19: Privacy statement | B19: This workbook was independently recreated for public portfolio use and contains no internal paths, personal contact details, employer-specific system names, or original claim-level values.
A21: Glossary | B21: C&R = Compromise and Release; MMI = Maximum Medical Improvement; MSA = Medicare Set-Aside; QME = Qualified Medical Evaluator.
A23: Blank-cell handling | B23: Optional fields remain blank when no value applies. Linked analyst views use blank-safe formulas so missing dates and amounts do not display as 1900 dates or zero values.

Sheet MASTER DATA
A1: Synthetic Claim ID | B1: Synthetic Claimant | C1: Claims Analyst | D1: Synthetic Policyholder | E1: Date of Injury | F1: Settlement Authorization (Y/N) | G1: Authorized Amount | H1: Authorized By | I1: Authorization Date | J1: Open Stipulation Without C&R (Y/N) | K1: First Stipulation Date | L1: Litigated (Y/N) | M1: Pending QME (Y/N) | N1: QME Date | O1: QME Evaluator | P1: Automated Claim Alert (Y/N) | Q1: Current Automated Alert(s) | R1: Previous Automated Alert(s) | S1: Inactive Customer (Y/N) | T1: Policy Expiration Date | U1: Alert Contains Surgery Request (Y/N) | V1: Alert Contains MMI (Y/N) | W1: Alert Contains Denied Treatment (Y/N) | X1: Alert Contains Specialist Consultation (Y/N) | Y1: Alert Contains Non-Renewed Account (Y/N) | Z1: Alert Contains MSA Eligibility (Y/N) | AA1: Active Opportunity Indicators | AB1: Opportunity Signal Level | AC1: Reports Appearing On
A2: SYN-CLM-0001 | B2: Synthetic Claimant 0001 | C2: Claims Analyst A | D2: Synthetic Policyholder 034, LLC | E2: 44113 | F2: Y | G2: 156750 | H2: Synthetic Approver 07 | I2: 44650 | J2: N | L2: N | M2: N | P2: Y | Q2: MMI Date Reported; Non-Renewed Account; MSA Eligible in Next 3 Years | S2: N | U2: =IF(ISNUMBER(SEARCH("SURGERY",Q2&" "&R2)),"Y","N") -> N | V2: =IF(ISNUMBER(SEARCH("MMI",Q2&" "&R2)),"Y","N") -> Y | W2: =IF(ISNUMBER(SEARCH("DENIED TREATMENT",Q2&" "&R2)),"Y","N") -> N | X2: =IF(ISNUMBER(SEARCH("SPECIALIST CONSULTATION",Q2&" "&R2)),"Y","N") -> N | Y2: =IF(ISNUMBER(SEARCH("NON-RENEWED ACCOUNT",Q2&" "&R2)),"Y","N") -> Y | Z2: =IF(ISNUMBER(SEARCH("MSA ELIGIBLE",Q2&" "&R2)),"Y","N") -> Y | AA2: =COUNTIF(F2,"Y")+COUNTIF(J2,"Y")+COUNTIF(M2,"Y")+COUNTIF(P2,"Y")+COUNTIF(S2,"Y") -> 2 | AB2: =IF(AA2=5,"MAXIMUM MULTI-SIGNAL",IF(AA2=4,"HIGH MULTI-SIGNAL",IF(AA2=3,"ELEVATED MULTI-SIGNAL",IF(AA2=2,"MULTI-SIGNAL","SINGLE-SIGNAL")))) -> MULTI-SIGNAL | AC2: =IF(F2="Y","Settlement Authorization","")&IF(J2="Y",IF(F2="Y"," | ","")&"Open Stipulation","")&IF(M2="Y",IF(OR(F2="Y",J2="Y")," | ","")&"Pending QME","")&IF(P2="Y",IF(OR(F2="Y",J2="Y",M2="Y")," | ","")&"Automated Claim Alert","")&IF(S2="Y",IF(OR(F2="Y",J2="Y",M2="Y",P2="Y")," | ","")&"Inactive Customer","") -> Settlement Authorization | Automated Claim Alert
A3: SYN-CLM-0002 | B3: Synthetic Claimant 0002 | C3: Claims Analyst F | D3: Synthetic Policyholder 170, LLC | E3: 43714 | F3: Y | G3: 21750 | H3: Synthetic Approver 04 | I3: 44940 | J3: N | L3: N | M3: N | P3: Y | Q3: Non-Renewed Account; Denied Treatment Requests; Surgery Requested | R3: MSA Eligible in Next 3 Years; Specialist Consultation Requested | S3: Y | T3: 44492 | U3: =IF(ISNUMBER(SEARCH("SURGERY",Q3&" "&R3)),"Y","N") -> Y | V3: =IF(ISNUMBER(SEARCH("MMI",Q3&" "&R3)),"Y","N") -> N | W3: =IF(ISNUMBER(SEARCH("DENIED TREATMENT",Q3&" "&R3)),"Y","N") -> Y | X3: =IF(ISNUMBER(SEARCH("SPECIALIST CONSULTATION",Q3&" "&R3)),"Y","N") -> Y | Y3: =IF(ISNUMBER(SEARCH("NON-RENEWED ACCOUNT",Q3&" "&R3)),"Y","N") -> Y | Z3: =IF(ISNUMBER(SEARCH("MSA ELIGIBLE",Q3&" "&R3)),"Y","N") -> Y | AA3: =COUNTIF(F3,"Y")+COUNTIF(J3,"Y")+COUNTIF(M3,"Y")+COUNTIF(P3,"Y")+COUNTIF(S3,"Y") -> 3 | AB3: =IF(AA3=5,"MAXIMUM MULTI-SIGNAL",IF(AA3=4,"HIGH MULTI-SIGNAL",IF(AA3=3,"ELEVATED MULTI-SIGNAL",IF(AA3=2,"MULTI-SIGNAL","SINGLE-SIGNAL")))) -> ELEVATED MULTI-SIGNAL | AC3: =IF(F3="Y","Settlement Authorization","")&IF(J3="Y",IF(F3="Y"," | ","")&"Open Stipulation","")&IF(M3="Y",IF(OR(F3="Y",J3="Y")," | ","")&"Pending QME","")&IF(P3="Y",IF(OR(F3="Y",J3="Y",M3="Y")," | ","")&"Automated Claim Alert","")&IF(S3="Y",IF(OR(F3="Y",J3="Y",M3="Y",P3="Y")," | ","")&"Inactive Customer","") -> Settlement Authorization | Automated Claim Alert | Inactive Customer
A4: SYN-CLM-0003 | B4: Synthetic Claimant 0003 | C4: Claims Analyst G | D4: Synthetic Policyholder 147, LLC | E4: 45745 | F4: Y | G4: 138750 | H4: Synthetic Approver 11 | I4: 46948 | J4: N | L4: N | M4: N | P4: N | S4: N | U4: =IF(ISNUMBER(SEARCH("SURGERY",Q4&" "&R4)),"Y","N") -> N | V4: =IF(ISNUMBER(SEARCH("MMI",Q4&" "&R4)),"Y","N") -> N | W4: =IF(ISNUMBER(SEARCH("DENIED TREATMENT",Q4&" "&R4)),"Y","N") -> N | X4: =IF(ISNUMBER(SEARCH("SPECIALIST CONSULTATION",Q4&" "&R4)),"Y","N") -> N | Y4: =IF(ISNUMBER(SEARCH("NON-RENEWED ACCOUNT",Q4&" "&R4)),"Y","N") -> N | Z4: =IF(ISNUMBER(SEARCH("MSA ELIGIBLE",Q4&" "&R4)),"Y","N") -> N | AA4: =COUNTIF(F4,"Y")+COUNTIF(J4,"Y")+COUNTIF(M4,"Y")+COUNTIF(P4,"Y")+COUNTIF(S4,"Y") -> 1 | AB4: =IF(AA4=5,"MAXIMUM MULTI-SIGNAL",IF(AA4=4,"HIGH MULTI-SIGNAL",IF(AA4=3,"ELEVATED MULTI-SIGNAL",IF(AA4=2,"MULTI-SIGNAL","SINGLE-SIGNAL")))) -> SINGLE-SIGNAL | AC4: =IF(F4="Y","Settlement Authorization","")&IF(J4="Y",IF(F4="Y"," | ","")&"Open Stipulation","")&IF(M4="Y",IF(OR(F4="Y",J4="Y")," | ","")&"Pending QME","")&IF(P4="Y",IF(OR(F4="Y",J4="Y",M4="Y")," | ","")&"Automated Claim Alert","")&IF(S4="Y",IF(OR(F4="Y",J4="Y",M4="Y",P4="Y")," | ","")&"Inactive Customer","") -> Settlement Authorization
A5: SYN-CLM-0004 | B5: Synthetic Claimant 0004 | C5: Claims Analyst J | D5: Synthetic Policyholder 118, LLC | E5: 45285 | F5: Y | G5: 109000 | H5: Synthetic Approver 01 | I5: 45783 | J5: N | L5: Y | M5: N | P5: N | S5: N | U5: =IF(ISNUMBER(SEARCH("SURGERY",Q5&" "&R5)),"Y","N") -> N | V5: =IF(ISNUMBER(SEARCH("MMI",Q5&" "&R5)),"Y","N") -> N | W5: =IF(ISNUMBER(SEARCH("DENIED TREATMENT",Q5&" "&R5)),"Y","N") -> N | X5: =IF(ISNUMBER(SEARCH("SPECIALIST CONSULTATION",Q5&" "&R5)),"Y","N") -> N | Y5: =IF(ISNUMBER(SEARCH("NON-RENEWED ACCOUNT",Q5&" "&R5)),"Y","N") -> N | Z5: =IF(ISNUMBER(SEARCH("MSA ELIGIBLE",Q5&" "&R5)),"Y","N") -> N | AA5: =COUNTIF(F5,"Y")+COUNTIF(J5,"Y")+COUNTIF(M5,"Y")+COUNTIF(P5,"Y")+COUNTIF(S5,"Y") -> 1 | AB5: =IF(AA5=5,"MAXIMUM MULTI-SIGNAL",IF(AA5=4,"HIGH MULTI-SIGNAL",IF(AA5=3,"ELEVATED MULTI-SIGNAL",IF(AA5=2,"MULTI-SIGNAL","SINGLE-SIGNAL")))) -> SINGLE-SIGNAL | AC5: =IF(F5="Y","Settlement Authorization","")&IF(J5="Y",IF(F5="Y"," | ","")&"Open Stipulation","")&IF(M5="Y",IF(OR(F5="Y",J5="Y")," | ","")&"Pending QME","")&IF(P5="Y",IF(OR(F5="Y",J5="Y",M5="Y")," | ","")&"Automated Claim Alert","")&IF(S5="Y",IF(OR(F5="Y",J5="Y",M5="Y",P5="Y")," | ","")&"Inactive Customer","") -> Settlement Authorization
A6: SYN-CLM-0005 | B6: Synthetic Claimant 0005 | C6: Claims Analyst A | D6: Synthetic Policyholder 129, LLC | E6: 45421 | F6: Y | G6: 108000 | H6: Synthetic Approver 01 | I6: 47152 | J6: N | L6: Y | M6: N | P6: N | S6: N | U6: =IF(ISNUMBER(SEARCH("SURGERY",Q6&" "&R6)),"Y","N") -> N | V6: =IF(ISNUMBER(SEARCH("MMI",Q6&" "&R6)),"Y","N") -> N | W6: =IF(ISNUMBER(SEARCH("DENIED TREATMENT",Q6&" "&R6)),"Y","N") -> N | X6: =IF(ISNUMBER(SEARCH("SPECIALIST CONSULTATION",Q6&" "&R6)),"Y","N") -> N | Y6: =IF(ISNUMBER(SEARCH("NON-RENEWED ACCOUNT",Q6&" "&R6)),"Y","N") -> N | Z6: =IF(ISNUMBER(SEARCH("MSA ELIGIBLE",Q6&" "&R6)),"Y","N") -> N | AA6: =COUNTIF(F6,"Y")+COUNTIF(J6,"Y")+COUNTIF(M6,"Y")+COUNTIF(P6,"Y")+COUNTIF(S6,"Y") -> 1 | AB6: =IF(AA6=5,"MAXIMUM MULTI-SIGNAL",IF(AA6=4,"HIGH MULTI-SIGNAL",IF(AA6=3,"ELEVATED MULTI-SIGNAL",IF(AA6=2,"MULTI-SIGNAL","SINGLE-SIGNAL")))) -> SINGLE-SIGNAL | AC6: =IF(F6="Y","Settlement Authorization","")&IF(J6="Y",IF(F6="Y"," | ","")&"Open Stipulation","")&IF(M6="Y",IF(OR(F6="Y",J6="Y")," | ","")&"Pending QME","")&IF(P6="Y",IF(OR(F6="Y",J6="Y",M6="Y")," | ","")&"Automated Claim Alert","")&IF(S6="Y",IF(OR(F6="Y",J6="Y",M6="Y",P6="Y")," | ","")&"Inactive Customer","") -> Settlement Authorization
A7: SYN-CLM-0006 | B7: Synthetic Claimant 0006 | C7: Claims Analyst A | D7: Synthetic Policyholder 167, LLC | E7: 44212 | F7: Y | G7: 25250 | H7: Synthetic Approver 09 | I7: 45671 | J7: N | L7: N | M7: N | P7: N | S7: N | U7: =IF(ISNUMBER(SEARCH("SURGERY",Q7&" "&R7)),"Y","N") -> N | V7: =IF(ISNUMBER(SEARCH("MMI",Q7&" "&R7)),"Y","N") -> N | W7: =IF(ISNUMBER(SEARCH("DENIED TREATMENT",Q7&" "&R7)),"Y","N") -> N | X7: =IF(ISNUMBER(SEARCH("SPECIALIST CONSULTATION",Q7&" "&R7)),"Y","N") -> N | Y7: =IF(ISNUMBER(SEARCH("NON-RENEWED ACCOUNT",Q7&" "&R7)),"Y","N") -> N | Z7: =IF(ISNUMBER(SEARCH("MSA ELIGIBLE",Q7&" "&R7)),"Y","N") -> N | AA7: =COUNTIF(F7,"Y")+COUNTIF(J7,"Y")+COUNTIF(M7,"Y")+COUNTIF(P7,"Y")+COUNTIF(S7,"Y") -> 1 | AB7: =IF(AA7=5,"MAXIMUM MULTI-SIGNAL",IF(AA7=4,"HIGH MULTI-SIGNAL",IF(AA7=3,"ELEVATED MULTI-SIGNAL",IF(AA7=2,"MULTI-SIGNAL","SINGLE-SIGNAL")))) -> SINGLE-SIGNAL | AC7: =IF(F7="Y","Settlement Authorization","")&IF(J7="Y",IF(F7="Y"," | ","")&"Open Stipulation","")&IF(M7="Y",IF(OR(F7="Y",J7="Y")," | ","")&"Pending QME","")&IF(P7="Y",IF(OR(F7="Y",J7="Y",M7="Y")," | ","")&"Automated Claim Alert","")&IF(S7="Y",IF(OR(F7="Y",J7="Y",M7="Y",P7="Y")," | ","")&"Inactive Customer","") -> Settlement Authorization
A8: SYN-CLM-0007 | B8: Synthetic Claimant 0007 | C8: Claims Analyst A | D8: Synthetic Policyholder 080, LLC | E8: 44367 | F8: Y | G8: 55500 | H8: Synthetic Approver 01 | I8: 45792 | J8: N | L8: N | M8: N | P8: N | S8: N | U8: =IF(ISNUMBER(SEARCH("SURGERY",Q8&" "&R8)),"Y","N") -> N | V8: =IF(ISNUMBER(SEARCH("MMI",Q8&" "&R8)),"Y","N") -> N | W8: =IF(ISNUMBER(SEARCH("DENIED TREATMENT",Q8&" "&R8)),"Y","N") -> N | X8: =IF(ISNUMBER(SEARCH("SPECIALIST CONSULTATION",Q8&" "&R8)),"Y","N") -> N | Y8: =IF(ISNUMBER(SEARCH("NON-RENEWED ACCOUNT",Q8&" "&R8)),"Y","N") -> N | Z8: =IF(ISNUMBER(SEARCH("MSA ELIGIBLE",Q8&" "&R8)),"Y","N") -> N | AA8: =COUNTIF(F8,"Y")+COUNTIF(J8,"Y")+COUNTIF(M8,"Y")+COUNTIF(P8,"Y")+COUNTIF(S8,"Y") -> 1 | AB8: =IF(AA8=5,"MAXIMUM MULTI-SIGNAL",IF(AA8=4,"HIGH MULTI-SIGNAL",IF(AA8=3,"ELEVATED MULTI-SIGNAL",IF(AA8=2,"MULTI-SIGNAL","SINGLE-SIGNAL")))) -> SINGLE-SIGNAL | AC8: =IF(F8="Y","Settlement Authorization","")&IF(J8="Y",IF(F8="Y"," | ","")&"Open Stipulation","")&IF(M8="Y",IF(OR(F8="Y",J8="Y")," | ","")&"Pending QME","")&IF(P8="Y",IF(OR(F8="Y",J8="Y",M8="Y")," | ","")&"Automated Claim Alert","")&IF(S8="Y",IF(OR(F8="Y",J8="Y",M8="Y",P8="Y")," | ","")&"Inactive Customer","") -> Settlement Authorization
A9: SYN-CLM-0008 | B9: Synthetic Claimant 0008 | C9: Claims Analyst A | D9: Synthetic Policyholder 153, LLC | E9: 45296 | F9: Y | G9: 99250 | H9: Synthetic Approver 06 | I9: 47034 | J9: N | L9: Y | M9: N | P9: N | S9: N | U9: =IF(ISNUMBER(SEARCH("SURGERY",Q9&" "&R9)),"Y","N") -> N | V9: =IF(ISNUMBER(SEARCH("MMI",Q9&" "&R9)),"Y","N") -> N | W9: =IF(ISNUMBER(SEARCH("DENIED TREATMENT",Q9&" "&R9)),"Y","N") -> N | X9: =IF(ISNUMBER(SEARCH("SPECIALIST CONSULTATION",Q9&" "&R9)),"Y","N") -> N | Y9: =IF(ISNUMBER(SEARCH("NON-RENEWED ACCOUNT",Q9&" "&R9)),"Y","N") -> N | Z9: =IF(ISNUMBER(SEARCH("MSA ELIGIBLE",Q9&" "&R9)),"Y","N") -> N | AA9: =COUNTIF(F9,"Y")+COUNTIF(J9,"Y")+COUNTIF(M9,"Y")+COUNTIF(P9,"Y")+COUNTIF(S9,"Y") -> 1 | AB9: =IF(AA9=5,"MAXIMUM MULTI-SIGNAL",IF(AA9=4,"HIGH MULTI-SIGNAL",IF(AA9=3,"ELEVATED MULTI-SIGNAL",IF(AA9=2,"MULTI-SIGNAL","SINGLE-SIGNAL")))) -> SINGLE-SIGNAL | AC9: =IF(F9="Y","Settlement Authorization","")&IF(J9="Y",IF(F9="Y"," | ","")&"Open Stipulation","")&IF(M9="Y",IF(OR(F9="Y",J9="Y")," | ","")&"Pending QME","")&IF(P9="Y",IF(OR(F9="Y",J9="Y",M9="Y")," | ","")&"Automated Claim Alert","")&IF(S9="Y",IF(OR(F9="Y",J9="Y",M9="Y",P9="Y")," | ","")&"Inactive Customer","") -> Settlement Authorization
A10: SYN-CLM-0009 | B10: Synthetic Claimant 0009 | C10: Claims Analyst A | D10: Synthetic Policyholder 143, LLC | E10: 45045 | F10: Y | G10: 36250 | H10: Synthetic Approver 02 | I10: 46628 | J10: Y | K10: 45616 | L10: Y | M10: N | P10: N | S10: N | U10: =IF(ISNUMBER(SEARCH("SURGERY",Q10&" "&R10)),"Y","N") -> N | V10: =IF(ISNUMBER(SEARCH("MMI",Q10&" "&R10)),"Y","N") -> N | W10: =IF(ISNUMBER(SEARCH("DENIED TREATMENT",Q10&" "&R10)),"Y","N") -> N | X10: =IF(ISNUMBER(SEARCH("SPECIALIST CONSULTATION",Q10&" "&R10)),"Y","N") -> N | Y10: =IF(ISNUMBER(SEARCH("NON-RENEWED ACCOUNT",Q10&" "&R10)),"Y","N") -> N | Z10: =IF(ISNUMBER(SEARCH("MSA ELIGIBLE",Q10&" "&R10)),"Y","N") -> N | AA10: =COUNTIF(F10,"Y")+COUNTIF(J10,"Y")+COUNTIF(M10,"Y")+COUNTIF(P10,"Y")+COUNTIF(S10,"Y") -> 2 | AB10: =IF(AA10=5,"MAXIMUM MULTI-SIGNAL",IF(AA10=4,"HIGH MULTI-SIGNAL",IF(AA10=3,"ELEVATED MULTI-SIGNAL",IF(AA10=2,"MULTI-SIGNAL","SINGLE-SIGNAL")))) -> MULTI-SIGNAL | AC10: =IF(F10="Y","Settlement Authorization","")&IF(J10="Y",IF(F10="Y"," | ","")&"Open Stipulation","")&IF(M10="Y",IF(OR(F10="Y",J10="Y")," | ","")&"Pending QME","")&IF(P10="Y",IF(OR(F10="Y",J10="Y",M10="Y")," | ","")&"Automated Claim Alert","")&IF(S10="Y",IF(OR(F10="Y",J10="Y",M10="Y",P10="Y")," | ","")&"Inactive Customer","") -> Settlement Authorization | Open Stipulation
A11: SYN-CLM-0010 | B11: Synthetic Claimant 0010 | C11: Claims Analyst A | D11: Synthetic Policyholder 172, LLC | E11: 45075 | F11: Y | G11: 99500 | H11: Synthetic Approver 08 | I11: 45452 | J11: N | L11: N | M11: N | P11: N | S11: N | U11: =IF(ISNUMBER(SEARCH("SURGERY",Q11&" "&R11)),"Y","N") -> N | V11: =IF(ISNUMBER(SEARCH("MMI",Q11&" "&R11)),"Y","N") -> N | W11: =IF(ISNUMBER(SEARCH("DENIED TREATMENT",Q11&" "&R11)),"Y","N") -> N | X11: =IF(ISNUMBER(SEARCH("SPECIALIST CONSULTATION",Q11&" "&R11)),"Y","N") -> N | Y11: =IF(ISNUMBER(SEARCH("NON-RENEWED ACCOUNT",Q11&" "&R11)),"Y","N") -> N | Z11: =IF(ISNUMBER(SEARCH("MSA ELIGIBLE",Q11&" "&R11)),"Y","N") -> N | AA11: =COUNTIF(F11,"Y")+COUNTIF(J11,"Y")+COUNTIF(M11,"Y")+COUNTIF(P11,"Y")+COUNTIF(S11,"Y") -> 1 | AB11: =IF(AA11=5,"MAXIMUM MULTI-SIGNAL",IF(AA11=4,"HIGH MULTI-SIGNAL",IF(AA11=3,"ELEVATED MULTI-SIGNAL",IF(AA11=2,"MULTI-SIGNAL","SINGLE-SIGNAL")))) -> SINGLE-SIGNAL | AC11: =IF(F11="Y","Settlement Authorization","")&IF(J11="Y",IF(F11="Y"," | ","")&"Open Stipulation","")&IF(M11="Y",IF(OR(F11="Y",J11="Y")," | ","")&"Pending QME","")&IF(P11="Y",IF(OR(F11="Y",J11="Y",M11="Y")," | ","")&"Automated Claim Alert","")&IF(S11="Y",IF(OR(F11="Y",J11="Y",M11="Y",P11="Y")," | ","")&"Inactive Customer","") -> Settlement Authorization
A12: SYN-CLM-0011 | B12: Synthetic Claimant 0011 | C12: Claims Analyst A | D12: Synthetic Policyholder 103, LLC | E12: 46061 | F12: Y | G12: 151750 | H12: Synthetic Approver 07 | I12: 47491 | J12: N | L12: Y | M12: N | P12: N | S12: N | U12: =IF(ISNUMBER(SEARCH("SURGERY",Q12&" "&R12)),"Y","N") -> N | V12: =IF(ISNUMBER(SEARCH("MMI",Q12&" "&R12)),"Y","N") -> N | W12: =IF(ISNUMBER(SEARCH("DENIED TREATMENT",Q12&" "&R12)),"Y","N") -> N | X12: =IF(ISNUMBER(SEARCH("SPECIALIST CONSULTATION",Q12&" "&R12)),"Y","N") -> N | Y12: =IF(ISNUMBER(SEARCH("NON-RENEWED ACCOUNT",Q12&" "&R12)),"Y","N") -> N | Z12: =IF(ISNUMBER(SEARCH("MSA ELIGIBLE",Q12&" "&R12)),"Y","N") -> N | AA12: =COUNTIF(F12,"Y")+COUNTIF(J12,"Y")+COUNTIF(M12,"Y")+COUNTIF(P12,"Y")+COUNTIF(S12,"Y") -> 1 | AB12: =IF(AA12=5,"MAXIMUM MULTI-SIGNAL",IF(AA12=4,"HIGH MULTI-SIGNAL",IF(AA12=3,"ELEVATED MULTI-SIGNAL",IF(AA12=2,"MULTI-SIGNAL","SINGLE-SIGNAL")))) -> SINGLE-SIGNAL | AC12: =IF(F12="Y","Settlement Authorization","")&IF(J12="Y",IF(F12="Y"," | ","")&"Open Stipulation","")&IF(M12="Y",IF(OR(F12="Y",J12="Y")," | ","")&"Pending QME","")&IF(P12="Y",IF(OR(F12="Y",J12="Y",M12="Y")," | ","")&"Automated Claim Alert","")&IF(S12="Y",IF(OR(F12="Y",J12="Y",M12="Y",P12="Y")," | ","")&"Inactive Customer","") -> Settlement Authorization
A13: SYN-CLM-0012 | B13: Synthetic Claimant 0012 | C13: Claims Analyst A | D13: Synthetic Policyholder 125, LLC | E13: 43150 | F13: N | J13: Y | K13: 44474 | L13: Y | M13: N | P13: N | S13: N | U13: =IF(ISNUMBER(SEARCH("SURGERY",Q13&" "&R13)),"Y","N") -> N | V13: =IF(ISNUMBER(SEARCH("MMI",Q13&" "&R13)),"Y","N") -> N | W13: =IF(ISNUMBER(SEARCH("DENIED TREATMENT",Q13&" "&R13)),"Y","N") -> N | X13: =IF(ISNUMBER(SEARCH("SPECIALIST CONSULTATION",Q13&" "&R13)),"Y","N") -> N | Y13: =IF(ISNUMBER(SEARCH("NON-RENEWED ACCOUNT",Q13&" "&R13)),"Y","N") -> N | Z13: =IF(ISNUMBER(SEARCH("MSA ELIGIBLE",Q13&" "&R13)),"Y","N") -> N | AA13: =COUNTIF(F13,"Y")+COUNTIF(J13,"Y")+COUNTIF(M13,"Y")+COUNTIF(P13,"Y")+COUNTIF(S13,"Y") -> 1 | AB13: =IF(AA13=5,"MAXIMUM MULTI-SIGNAL",IF(AA13=4,"HIGH MULTI-SIGNAL",IF(AA13=3,"ELEVATED MULTI-SIGNAL",IF(AA13=2,"MULTI-SIGNAL","SINGLE-SIGNAL")))) -> SINGLE-SIGNAL | AC13: =IF(F13="Y","Settlement Authorization","")&IF(J13="Y",IF(F13="Y"," | ","")&"Open Stipulation","")&IF(M13="Y",IF(OR(F13="Y",J13="Y")," | ","")&"Pending QME","")&IF(P13="Y",IF(OR(F13="Y",J13="Y",M13="Y")," | ","")&"Automated Claim Alert","")&IF(S13="Y",IF(OR(F13="Y",J13="Y",M13="Y",P13="Y")," | ","")&"Inactive Customer","") -> Open Stipulation
A14: SYN-CLM-0013 | B14: Synthetic Claimant 0013 | C14: Claims Analyst A | D14: Synthetic Policyholder 002, LLC | E14: 43189 | F14: N | J14: N | M14: N | P14: N | S14: Y | T14: 45140 | U14: =IF(ISNUMBER(SEARCH("SURGERY",Q14&" "&R14)),"Y","N") -> N | V14: =IF(ISNUMBER(SEARCH("MMI",Q14&" "&R14)),"Y","N") -> N | W14: =IF(ISNUMBER(SEARCH("DENIED TREATMENT",Q14&" "&R14)),"Y","N") -> N | X14: =IF(ISNUMBER(SEARCH("SPECIALIST CONSULTATION",Q14&" "&R14)),"Y","N") -> N | Y14: =IF(ISNUMBER(SEARCH("NON-RENEWED ACCOUNT",Q14&" "&R14)),"Y","N") -> N | Z14: =IF(ISNUMBER(SEARCH("MSA ELIGIBLE",Q14&" "&R14)),"Y","N") -> N | AA14: =COUNTIF(F14,"Y")+COUNTIF(J14,"Y")+COUNTIF(M14,"Y")+COUNTIF(P14,"Y")+COUNTIF(S14,"Y") -> 1 | AB14: =IF(AA14=5,"MAXIMUM MULTI-SIGNAL",IF(AA14=4,"HIGH MULTI-SIGNAL",IF(AA14=3,"ELEVATED MULTI-SIGNAL",IF(AA14=2,"MULTI-SIGNAL","SINGLE-SIGNAL")))) -> SINGLE-SIGNAL | AC14: =IF(F14="Y","Settlement Authorization","")&IF(J14="Y",IF(F14="Y"," | ","")&"Open Stipulation","")&IF(M14="Y",IF(OR(F14="Y",J14="Y")," | ","")&"Pending QME","")&IF(P14="Y",IF(OR(F14="Y",J14="Y",M14="Y")," | ","")&"Automated Claim Alert","")&IF(S14="Y",IF(OR(F14="Y",J14="Y",M14="Y",P14="Y")," | ","")&"Inactive Customer","") -> Inactive Customer
A15: SYN-CLM-0014 | B15: Synthetic Claimant 0014 | C15: Claims Analyst A | D15: Synthetic Policyholder 171, LLC | E15: 43724 | F15: N | J15: N | M15: N | P15: N | S15: Y | T15: 44294 | U15: =IF(ISNUMBER(SEARCH("SURGERY",Q15&" "&R15)),"Y","N") -> N | V15: =IF(ISNUMBER(SEARCH("MMI",Q15&" "&R15)),"Y","N") -> N | W15: =IF(ISNUMBER(SEARCH("DENIED TREATMENT",Q15&" "&R15)),"Y","N") -> N | X15: =IF(ISNUMBER(SEARCH("SPECIALIST CONSULTATION",Q15&" "&R15)),"Y","N") -> N | Y15: =IF(ISNUMBER(SEARCH("NON-RENEWED ACCOUNT",Q15&" "&R15)),"Y","N") -> N | Z15: =IF(ISNUMBER(SEARCH("MSA ELIGIBLE",Q15&" "&R15)),"Y","N") -> N | AA15: =COUNTIF(F15,"Y")+COUNTIF(J15,"Y")+COUNTIF(M15,"Y")+COUNTIF(P15,"Y")+COUNTIF(S15,"Y") -> 1 | AB15: =IF(AA15=5,"MAXIMUM MULTI-SIGNAL",IF(AA15=4,"HIGH MULTI-SIGNAL",IF(AA15=3,"ELEVATED MULTI-SIGNAL",IF(AA15=2,"MULTI-SIGNAL","SINGLE-SIGNAL")))) -> SINGLE-SIGNAL | AC15: =IF(F15="Y","Settlement Authorization","")&IF(J15="Y",IF(F15="Y"," | ","")&"Open Stipulation","")&IF(M15="Y",IF(OR(F15="Y",J15="Y")," | ","")&"Pending QME","")&IF(P15="Y",IF(OR(F15="Y",J15="Y",M15="Y")," | ","")&"Automated Claim Alert","")&IF(S15="Y",IF(OR(F15="Y",J15="Y",M15="Y",P15="Y")," | ","")&"Inactive Customer","") -> Inactive Customer
A16: SYN-CLM-0015 | B16: Synthetic Claimant 0015 | C16: Claims Analyst A | D16: Synthetic Policyholder 056, LLC | E16: 44130 | F16: Y | G16: 107500 | H16: Synthetic Approver 12 | I16: 45894 | J16: N | L16: N | M16: N | P16: N | S16: N | U16: =IF(ISNUMBER(SEARCH("SURGERY",Q16&" "&R16)),"Y","N") -> N | V16: =IF(ISNUMBER(SEARCH("MMI",Q16&" "&R16)),"Y","N") -> N | W16: =IF(ISNUMBER(SEARCH("DENIED TREATMENT",Q16&" "&R16)),"Y","N") -> N | X16: =IF(ISNUMBER(SEARCH("SPECIALIST CONSULTATION",Q16&" "&R16)),"Y","N") -> N | Y16: =IF(ISNUMBER(SEARCH("NON-RENEWED ACCOUNT",Q16&" "&R16)),"Y","N") -> N | Z16: =IF(ISNUMBER(SEARCH("MSA ELIGIBLE",Q16&" "&R16)),"Y","N") -> N | AA16: =COUNTIF(F16,"Y")+COUNTIF(J16,"Y")+COUNTIF(M16,"Y")+COUNTIF(P16,"Y")+COUNTIF(S16,"Y") -> 1 | AB16: =IF(AA16=5,"MAXIMUM MULTI-SIGNAL",IF(AA16=4,"HIGH MULTI-SIGNAL",IF(AA16=3,"ELEVATED MULTI-SIGNAL",IF(AA16=2,"MULTI-SIGNAL","SINGLE-SIGNAL")))) -> SINGLE-SIGNAL | AC16: =IF(F16="Y","Settlement Authorization","")&IF(J16="Y",IF(F16="Y"," | ","")&"Open Stipulation","")&IF(M16="Y",IF(OR(F16="Y",J16="Y")," | ","")&"Pending QME","")&IF(P16="Y",IF(OR(F16="Y",J16="Y",M16="Y")," | ","")&"Automated Claim Alert","")&IF(S16="Y",IF(OR(F16="Y",J16="Y",M16="Y",P16="Y")," | ","")&"Inactive Customer","") -> Settlement Authorization
A17: SYN-CLM-0016 | B17: Synthetic Claimant 0016 | C17: Claims Analyst A | D17: Synthetic Policyholder 018, LLC | E17: 44236 | F17: Y | G17: 108750 | H17: Synthetic Approver 04 | I17: 45432 | J17: N | L17: N | M17: N | P17: N | S17: Y | T17: 45642 | U17: =IF(ISNUMBER(SEARCH("SURGERY",Q17&" "&R17)),"Y","N") -> N | V17: =IF(ISNUMBER(SEARCH("MMI",Q17&" "&R17)),"Y","N") -> N | W17: =IF(ISNUMBER(SEARCH("DENIED TREATMENT",Q17&" "&R17)),"Y","N") -> N | X17: =IF(ISNUMBER(SEARCH("SPECIALIST CONSULTATION",Q17&" "&R17)),"Y","N") -> N | Y17: =IF(ISNUMBER(SEARCH("NON-RENEWED ACCOUNT",Q17&" "&R17)),"Y","N") -> N | Z17: =IF(ISNUMBER(SEARCH("MSA ELIGIBLE",Q17&" "&R17)),"Y","N") -> N | AA17: =COUNTIF(F17,"Y")+COUNTIF(J17,"Y")+COUNTIF(M17,"Y")+COUNTIF(P17,"Y")+COUNTIF(S17,"Y") -> 2 | AB17: =IF(AA17=5,"MAXIMUM MULTI-SIGNAL",IF(AA17=4,"HIGH MULTI-SIGNAL",IF(AA17=3,"ELEVATED MULTI-SIGNAL",IF(AA17=2,"MULTI-SIGNAL","SINGLE-SIGNAL")))) -> MULTI-SIGNAL | AC17: =IF(F17="Y","Settlement Authorization","")&IF(J17="Y",IF(F17="Y"," | ","")&"Open Stipulation","")&IF(M17="Y",IF(OR(F17="Y",J17="Y")," | ","")&"Pending QME","")&IF(P17="Y",IF(OR(F17="Y",J17="Y",M17="Y")," | ","")&"Automated Claim Alert","")&IF(S17="Y",IF(OR(F17="Y",J17="Y",M17="Y",P17="Y")," | ","")&"Inactive Customer","") -> Settlement Authorization | Inactive Customer
A18: SYN-CLM-0017 | B18: Synthetic Claimant 0017 | C18: Claims Analyst A | D18: Synthetic Policyholder 028, LLC | E18: 43129 | F18: Y | G18: 27250 | H18: Synthetic Approver 05 | I18: 43305 | J18: N | L18: N | M18: N | P18: N | S18: N | U18: =IF(ISNUMBER(SEARCH("SURGERY",Q18&" "&R18)),"Y","N") -> N | V18: =IF(ISNUMBER(SEARCH("MMI",Q18&" "&R18)),"Y","N") -> N | W18: =IF(ISNUMBER(SEARCH("DENIED TREATMENT",Q18&" "&R18)),"Y","N") -> N | X18: =IF(ISNUMBER(SEARCH("SPECIALIST CONSULTATION",Q18&" "&R18)),"Y","N") -> N | Y18: =IF(ISNUMBER(SEARCH("NON-RENEWED ACCOUNT",Q18&" "&R18)),"Y","N") -> N | Z18: =IF(ISNUMBER(SEARCH("MSA ELIGIBLE",Q18&" "&R18)),"Y","N") -> N | AA18: =COUNTIF(F18,"Y")+COUNTIF(J18,"Y")+COUNTIF(M18,"Y")+COUNTIF(P18,"Y")+COUNTIF(S18,"Y") -> 1 | AB18: =IF(AA18=5,"MAXIMUM MULTI-SIGNAL",IF(AA18=4,"HIGH MULTI-SIGNAL",IF(AA18=3,"ELEVATED MULTI-SIGNAL",IF(AA18=2,"MULTI-SIGNAL","SINGLE-SIGNAL")))) -> SINGLE-SIGNAL | AC18: =IF(F18="Y","Settlement Authorization","")&IF(J18="Y",IF(F18="Y"," | ","")&"Open Stipulation","")&IF(M18="Y",IF(OR(F18="Y",J18="Y")," | ","")&"Pending QME","")&IF(P18="Y",IF(OR(F18="Y",J18="Y",M18="Y")," | ","")&"Automated Claim Alert","")&IF(S18="Y",IF(OR(F18="Y",J18="Y",M18="Y",P18="Y")," | ","")&"Inactive Customer","") -> Settlement Authorization
A19: SYN-CLM-0018 | B19: Synthetic Claimant 0018 | C19: Claims Analyst C | D19: Synthetic Policyholder 157, LLC | E19: 45454 | F19: N | J19: Y | K19: 46206 | L19: Y | M19: N | P19: Y | Q19: Surgery Requested; MSA Eligible in Next 3 Years; MMI Date Reported | R19: Specialist Consultation Requested | S19: N | U19: =IF(ISNUMBER(SEARCH("SURGERY",Q19&" "&R19)),"Y","N") -> Y | V19: =IF(ISNUMBER(SEARCH("MMI",Q19&" "&R19)),"Y","N") -> Y | W19: =IF(ISNUMBER(SEARCH("DENIED TREATMENT",Q19&" "&R19)),"Y","N") -> N | X19: =IF(ISNUMBER(SEARCH("SPECIALIST CONSULTATION",Q19&" "&R19)),"Y","N") -> Y | Y19: =IF(ISNUMBER(SEARCH("NON-RENEWED ACCOUNT",Q19&" "&R19)),"Y","N") -> N | Z19: =IF(ISNUMBER(SEARCH("MSA ELIGIBLE",Q19&" "&R19)),"Y","N") -> Y | AA19: =COUNTIF(F19,"Y")+COUNTIF(J19,"Y")+COUNTIF(M19,"Y")+COUNTIF(P19,"Y")+COUNTIF(S19,"Y") -> 2 | AB19: =IF(AA19=5,"MAXIMUM MULTI-SIGNAL",IF(AA19=4,"HIGH MULTI-SIGNAL",IF(AA19=3,"ELEVATED MULTI-SIGNAL",IF(AA19=2,"MULTI-SIGNAL","SINGLE-SIGNAL")))) -> MULTI-SIGNAL | AC19: =IF(F19="Y","Settlement Authorization","")&IF(J19="Y",IF(F19="Y"," | ","")&"Open Stipulation","")&IF(M19="Y",IF(OR(F19="Y",J19="Y")," | ","")&"Pending QME","")&IF(P19="Y",IF(OR(F19="Y",J19="Y",M19="Y")," | ","")&"Automated Claim Alert","")&IF(S19="Y",IF(OR(F19="Y",J19="Y",M19="Y",P19="Y")," | ","")&"Inactive Customer","") -> Open Stipulation | Automated Claim Alert
A20: SYN-CLM-0019 | B20: Synthetic Claimant 0019 | C20: Claims Analyst C | D20: Synthetic Policyholder 004, LLC | E20: 44294 | F20: N | J20: Y | K20: 44425 | L20: N | M20: N | P20: N | S20: Y | T20: 44951 | U20: =IF(ISNUMBER(SEARCH("SURGERY",Q20&" "&R20)),"Y","N") -> N | V20: =IF(ISNUMBER(SEARCH("MMI",Q20&" "&R20)),"Y","N") -> N | W20: =IF(ISNUMBER(SEARCH("DENIED TREATMENT",Q20&" "&R20)),"Y","N") -> N | X20: =IF(ISNUMBER(SEARCH("SPECIALIST CONSULTATION",Q20&" "&R20)),"Y","N") -> N | Y20: =IF(ISNUMBER(SEARCH("NON-RENEWED ACCOUNT",Q20&" "&R20)),"Y","N") -> N | Z20: =IF(ISNUMBER(SEARCH("MSA ELIGIBLE",Q20&" "&R20)),"Y","N") -> N | AA20: =COUNTIF(F20,"Y")+COUNTIF(J20,"Y")+COUNTIF(M20,"Y")+COUNTIF(P20,"Y")+COUNTIF(S20,"Y") -> 2 | AB20: =IF(AA20=5,"MAXIMUM MULTI-SIGNAL",IF(AA20=4,"HIGH MULTI-SIGNAL",IF(AA20=3,"ELEVATED MULTI-SIGNAL",IF(AA20=2,"MULTI-SIGNAL","SINGLE-SIGNAL")))) -> MULTI-SIGNAL | AC20: =IF(F20="Y","Settlement Authorization","")&IF(J20="Y",IF(F20="Y"," | ","")&"Open Stipulation","")&IF(M20="Y",IF(OR(F20="Y",J20="Y")," | ","")&"Pending QME","")&IF(P20="Y",IF(OR(F20="Y",J20="Y",M20="Y")," | ","")&"Automated Claim Alert","")&IF(S20="Y",IF(OR(F20="Y",J20="Y",M20="Y",P20="Y")," | ","")&"Inactive Customer","") -> Open Stipulation | Inactive Customer
A21: SYN-CLM-0020 | B21: Synthetic Claimant 0020 | C21: Claims Analyst C | D21: Synthetic Policyholder 115, LLC | E21: 43797 | F21: N | J21: Y | K21: 44459 | L21: N | M21: Y | N21: 44906 | O21: Synthetic QME Evaluator 25 | P21: N | S21: Y | T21: 44464 | U21: =IF(ISNUMBER(SEARCH("SURGERY",Q21&" "&R21)),"Y","N") -> N | V21: =IF(ISNUMBER(SEARCH("MMI",Q21&" "&R21)),"Y","N") -> N | W21: =IF(ISNUMBER(SEARCH("DENIED TREATMENT",Q21&" "&R21)),"Y","N") -> N | X21: =IF(ISNUMBER(SEARCH("SPECIALIST CONSULTATION",Q21&" "&R21)),"Y","N") -> N | Y21: =IF(ISNUMBER(SEARCH("NON-RENEWED ACCOUNT",Q21&" "&R21)),"Y","N") -> N | Z21: =IF(ISNUMBER(SEARCH("MSA ELIGIBLE",Q21&" "&R21)),"Y","N") -> N | AA21: =COUNTIF(F21,"Y")+COUNTIF(J21,"Y")+COUNTIF(M21,"Y")+COUNTIF(P21,"Y")+COUNTIF(S21,"Y") -> 3 | AB21: =IF(AA21=5,"MAXIMUM MULTI-SIGNAL",IF(AA21=4,"HIGH MULTI-SIGNAL",IF(AA21=3,"ELEVATED MULTI-SIGNAL",IF(AA21=2,"MULTI-SIGNAL","SINGLE-SIGNAL")))) -> ELEVATED MULTI-SIGNAL | AC21: =IF(F21="Y","Settlement Authorization","")&IF(J21="Y",IF(F21="Y"," | ","")&"Open Stipulation","")&IF(M21="Y",IF(OR(F21="Y",J21="Y")," | ","")&"Pending QME","")&IF(P21="Y",IF(OR(F21="Y",J21="Y",M21="Y")," | ","")&"Automated Claim Alert","")&IF(S21="Y",IF(OR(F21="Y",J21="Y",M21="Y",P21="Y")," | ","")&"Inactive Customer","") -> Open Stipulation | Pending QME | Inactive Customer
A22: SYN-CLM-0021 | B22: Synthetic Claimant 0021 | C22: Claims Analyst C | D22: Synthetic Policyholder 090, LLC | E22: 43386 | F22: Y | G22: 133500 | H22: Synthetic Approver 12 | I22: 43683 | J22: N | L22: Y | M22: N | P22: N | S22: N | U22: =IF(ISNUMBER(SEARCH("SURGERY",Q22&" "&R22)),"Y","N") -> N | V22: =IF(ISNUMBER(SEARCH("MMI",Q22&" "&R22)),"Y","N") -> N | W22: =IF(ISNUMBER(SEARCH("DENIED TREATMENT",Q22&" "&R22)),"Y","N") -> N | X22: =IF(ISNUMBER(SEARCH("SPECIALIST CONSULTATION",Q22&" "&R22)),"Y","N") -> N | Y22: =IF(ISNUMBER(SEARCH("NON-RENEWED ACCOUNT",Q22&" "&R22)),"Y","N") -> N | Z22: =IF(ISNUMBER(SEARCH("MSA ELIGIBLE",Q22&" "&R22)),"Y","N") -> N | AA22: =COUNTIF(F22,"Y")+COUNTIF(J22,"Y")+COUNTIF(M22,"Y")+COUNTIF(P22,"Y")+COUNTIF(S22,"Y") -> 1 | AB22: =IF(AA22=5,"MAXIMUM MULTI-SIGNAL",IF(AA22=4,"HIGH MULTI-SIGNAL",IF(AA22=3,"ELEVATED MULTI-SIGNAL",IF(AA22=2,"MULTI-SIGNAL","SINGLE-SIGNAL")))) -> SINGLE-SIGNAL | AC22: =IF(F22="Y","Settlement Authorization","")&IF(J22="Y",IF(F22="Y"," | ","")&"Open Stipulation","")&IF(M22="Y",IF(OR(F22="Y",J22="Y")," | ","")&"Pending QME","")&IF(P22="Y",IF(OR(F22="Y",J22="Y",M22="Y")," | ","")&"Automated Claim Alert","")&IF(S22="Y",IF(OR(F22="Y",J22="Y",M22="Y",P22="Y")," | ","")&"Inactive Customer","") -> Settlement Authorization
A23: SYN-CLM-0022 | B23: Synthetic Claimant 0022 | C23: Claims Analyst C | D23: Synthetic Policyholder 073, LLC | E23: 43350 | F23: N | J23: Y | K23: 44321 | L23: N | M23: N | P23: N | S23: N | U23: =IF(ISNUMBER(SEARCH("SURGERY",Q23&" "&R23)),"Y","N") -> N | V23: =IF(ISNUMBER(SEARCH("MMI",Q23&" "&R23)),"Y","N") -> N | W23: =IF(ISNUMBER(SEARCH("DENIED TREATMENT",Q23&" "&R23)),"Y","N") -> N | X23: =IF(ISNUMBER(SEARCH("SPECIALIST CONSULTATION",Q23&" "&R23)),"Y","N") -> N | Y23: =IF(ISNUMBER(SEARCH("NON-RENEWED ACCOUNT",Q23&" "&R23)),"Y","N") -> N | Z23: =IF(ISNUMBER(SEARCH("MSA ELIGIBLE",Q23&" "&R23)),"Y","N") -> N | AA23: =COUNTIF(F23,"Y")+COUNTIF(J23,"Y")+COUNTIF(M23,"Y")+COUNTIF(P23,"Y")+COUNTIF(S23,"Y") -> 1 | AB23: =IF(AA23=5,"MAXIMUM MULTI-SIGNAL",IF(AA23=4,"HIGH MULTI-SIGNAL",IF(AA23=3,"ELEVATED MULTI-SIGNAL",IF(AA23=2,"MULTI-SIGNAL","SINGLE-SIGNAL")))) -> SINGLE-SIGNAL | AC23: =IF(F23="Y","Settlement Authorization","")&IF(J23="Y",IF(F23="Y"," | ","")&"Open Stipulation","")&IF(M23="Y",IF(OR(F23="Y",J23="Y")," | ","")&"Pending QME","")&IF(P23="Y",IF(OR(F23="Y",J23="Y",M23="Y")," | ","")&"Automated Claim Alert","")&IF(S23="Y",IF(OR(F23="Y",J23="Y",M23="Y",P23="Y")," | ","")&"Inactive Customer","") -> Open Stipulation
A24: SYN-CLM-0023 | B24: Synthetic Claimant 0023 | C24: Claims Analyst C | D24: Synthetic Policyholder 040, LLC | E24: 43869 | F24: N | J24: N | M24: Y | N24: 45391 | O24: Synthetic QME Evaluator 20 | P24: N | S24: N | U24: =IF(ISNUMBER(SEARCH("SURGERY",Q24&" "&R24)),"Y","N") -> N | V24: =IF(ISNUMBER(SEARCH("MMI",Q24&" "&R24)),"Y","N") -> N | W24: =IF(ISNUMBER(SEARCH("DENIED TREATMENT",Q24&" "&R24)),"Y","N") -> N | X24: =IF(ISNUMBER(SEARCH("SPECIALIST CONSULTATION",Q24&" "&R24)),"Y","N") -> N | Y24: =IF(ISNUMBER(SEARCH("NON-RENEWED ACCOUNT",Q24&" "&R24)),"Y","N") -> N | Z24: =IF(ISNUMBER(SEARCH("MSA ELIGIBLE",Q24&" "&R24)),"Y","N") -> N | AA24: =COUNTIF(F24,"Y")+COUNTIF(J24,"Y")+COUNTIF(M24,"Y")+COUNTIF(P24,"Y")+COUNTIF(S24,"Y") -> 1 | AB24: =IF(AA24=5,"MAXIMUM MULTI-SIGNAL",IF(AA24=4,"HIGH MULTI-SIGNAL",IF(AA24=3,"ELEVATED MULTI-SIGNAL",IF(AA24=2,"MULTI-SIGNAL","SINGLE-SIGNAL")))) -> SINGLE-SIGNAL | AC24: =IF(F24="Y","Settlement Authorization","")&IF(J24="Y",IF(F24="Y"," | ","")&"Open Stipulation","")&IF(M24="Y",IF(OR(F24="Y",J24="Y")," | ","")&"Pending QME","")&IF(P24="Y",IF(OR(F24="Y",J24="Y",M24="Y")," | ","")&"Automated Claim Alert","")&IF(S24="Y",IF(OR(F24="Y",J24="Y",M24="Y",P24="Y")," | ","")&"Inactive Customer","") -> Pending QME
A25: SYN-CLM-0024 | B25: Synthetic Claimant 0024 | C25: Claims Analyst C | D25: Synthetic Policyholder 155, LLC | E25: 43616 | F25: N | J25: N | M25: N | P25: Y | Q25: Non-Renewed Account; MSA Eligible in Next 3 Years; Denied Treatment Requests | S25: N | U25: =IF(ISNUMBER(SEARCH("SURGERY",Q25&" "&R25)),"Y","N") -> N | V25: =IF(ISNUMBER(SEARCH("MMI",Q25&" "&R25)),"Y","N") -> N | W25: =IF(ISNUMBER(SEARCH("DENIED TREATMENT",Q25&" "&R25)),"Y","N") -> Y | X25: =IF(ISNUMBER(SEARCH("SPECIALIST CONSULTATION",Q25&" "&R25)),"Y","N") -> N | Y25: =IF(ISNUMBER(SEARCH("NON-RENEWED ACCOUNT",Q25&" "&R25)),"Y","N") -> Y | Z25: =IF(ISNUMBER(SEARCH("MSA ELIGIBLE",Q25&" "&R25)),"Y","N") -> Y | AA25: =COUNTIF(F25,"Y")+COUNTIF(J25,"Y")+COUNTIF(M25,"Y")+COUNTIF(P25,"Y")+COUNTIF(S25,"Y") -> 1 | AB25: =IF(AA25=5,"MAXIMUM MULTI-SIGNAL",IF(AA25=4,"HIGH MULTI-SIGNAL",IF(AA25=3,"ELEVATED MULTI-SIGNAL",IF(AA25=2,"MULTI-SIGNAL","SINGLE-SIGNAL")))) -> SINGLE-SIGNAL | AC25: =IF(F25="Y","Settlement Authorization","")&IF(J25="Y",IF(F25="Y"," | ","")&"Open Stipulation","")&IF(M25="Y",IF(OR(F25="Y",J25="Y")," | ","")&"Pending QME","")&IF(P25="Y",IF(OR(F25="Y",J25="Y",M25="Y")," | ","")&"Automated Claim Alert","")&IF(S25="Y",IF(OR(F25="Y",J25="Y",M25="Y",P25="Y")," | ","")&"Inactive Customer","") -> Automated Claim Alert
A26: SYN-CLM-0025 | B26: Synthetic Claimant 0025 | C26: Claims Analyst C | D26: Synthetic Policyholder 090, LLC | E26: 45098 | F26: Y | G26: 141000 | H26: Synthetic Approver 12 | I26: 45846 | J26: N | L26: N | M26: N | P26: N | S26: N | U26: =IF(ISNUMBER(SEARCH("SURGERY",Q26&" "&R26)),"Y","N") -> N | V26: =IF(ISNUMBER(SEARCH("MMI",Q26&" "&R26)),"Y","N") -> N | W26: =IF(ISNUMBER(SEARCH("DENIED TREATMENT",Q26&" "&R26)),"Y","N") -> N | X26: =IF(ISNUMBER(SEARCH("SPECIALIST CONSULTATION",Q26&" "&R26)),"Y","N") -> N | Y26: =IF(ISNUMBER(SEARCH("NON-RENEWED ACCOUNT",Q26&" "&R26)),"Y","N") -> N | Z26: =IF(ISNUMBER(SEARCH("MSA ELIGIBLE",Q26&" "&R26)),"Y","N") -> N | AA26: =COUNTIF(F26,"Y")+COUNTIF(J26,"Y")+COUNTIF(M26,"Y")+COUNTIF(P26,"Y")+COUNTIF(S26,"Y") -> 1 | AB26: =IF(AA26=5,"MAXIMUM MULTI-SIGNAL",IF(AA26=4,"HIGH MULTI-SIGNAL",IF(AA26=3,"ELEVATED MULTI-SIGNAL",IF(AA26=2,"MULTI-SIGNAL","SINGLE-SIGNAL")))) -> SINGLE-SIGNAL | AC26: =IF(F26="Y","Settlement Authorization","")&IF(J26="Y",IF(F26="Y"," | ","")&"Open Stipulation","")&IF(M26="Y",IF(OR(F26="Y",J26="Y")," | ","")&"Pending QME","")&IF(P26="Y",IF(OR(F26="Y",J26="Y",M26="Y")," | ","")&"Automated Claim Alert","")&IF(S26="Y",IF(OR(F26="Y",J26="Y",M26="Y",P26="Y")," | ","")&"Inactive Customer","") -> Settlement Authorization
A27: SYN-CLM-0026 | B27: Synthetic Claimant 0026 | C27: Claims Analyst C | D27: Synthetic Policyholder 042, LLC | E27: 43998 | F27: Y | G27: 31750 | H27: Synthetic Approver 12 | I27: 44620 | J27: N | L27: N | M27: N | P27: Y | Q27: MSA Eligible in Next 3 Years | S27: N | U27: =IF(ISNUMBER(SEARCH("SURGERY",Q27&" "&R27)),"Y","N") -> N | V27: =IF(ISNUMBER(SEARCH("MMI",Q27&" "&R27)),"Y","N") -> N | W27: =IF(ISNUMBER(SEARCH("DENIED TREATMENT",Q27&" "&R27)),"Y","N") -> N | X27: =IF(ISNUMBER(SEARCH("SPECIALIST CONSULTATION",Q27&" "&R27)),"Y","N") -> N | Y27: =IF(ISNUMBER(SEARCH("NON-RENEWED ACCOUNT",Q27&" "&R27)),"Y","N") -> N | Z27: =IF(ISNUMBER(SEARCH("MSA ELIGIBLE",Q27&" "&R27)),"Y","N") -> Y | AA27: =COUNTIF(F27,"Y")+COUNTIF(J27,"Y")+COUNTIF(M27,"Y")+COUNTIF(P27,"Y")+COUNTIF(S27,"Y") -> 2 | AB27: =IF(AA27=5,"MAXIMUM MULTI-SIGNAL",IF(AA27=4,"HIGH MULTI-SIGNAL",IF(AA27=3,"ELEVATED MULTI-SIGNAL",IF(AA27=2,"MULTI-SIGNAL","SINGLE-SIGNAL")))) -> MULTI-SIGNAL | AC27: =IF(F27="Y","Settlement Authorization","")&IF(J27="Y",IF(F27="Y"," | ","")&"Open Stipulation","")&IF(M27="Y",IF(OR(F27="Y",J27="Y")," | ","")&"Pending QME","")&IF(P27="Y",IF(OR(F27="Y",J27="Y",M27="Y")," | ","")&"Automated Claim Alert","")&IF(S27="Y",IF(OR(F27="Y",J27="Y",M27="Y",P27="Y")," | ","")&"Inactive Customer","") -> Settlement Authorization | Automated Claim Alert
A28: SYN-CLM-0027 | B28: Synthetic Claimant 0027 | C28: Claims Analyst C | D28: Synthetic Policyholder 104, LLC | E28: 44367 | F28: N | J28: N | M28: N | P28: N | S28: Y | T28: 46317 | U28: =IF(ISNUMBER(SEARCH("SURGERY",Q28&" "&R28)),"Y","N") -> N | V28: =IF(ISNUMBER(SEARCH("MMI",Q28&" "&R28)),"Y","N") -> N | W28: =IF(ISNUMBER(SEARCH("DENIED TREATMENT",Q28&" "&R28)),"Y","N") -> N | X28: =IF(ISNUMBER(SEARCH("SPECIALIST CONSULTATION",Q28&" "&R28)),"Y","N") -> N | Y28: =IF(ISNUMBER(SEARCH("NON-RENEWED ACCOUNT",Q28&" "&R28)),"Y","N") -> N | Z28: =IF(ISNUMBER(SEARCH("MSA ELIGIBLE",Q28&" "&R28)),"Y","N") -> N | AA28: =COUNTIF(F28,"Y")+COUNTIF(J28,"Y")+COUNTIF(M28,"Y")+COUNTIF(P28,"Y")+COUNTIF(S28,"Y") -> 1 | AB28: =IF(AA28=5,"MAXIMUM MULTI-SIGNAL",IF(AA28=4,"HIGH MULTI-SIGNAL",IF(AA28=3,"ELEVATED MULTI-SIGNAL",IF(AA28=2,"MULTI-SIGNAL","SINGLE-SIGNAL")))) -> SINGLE-SIGNAL | AC28: =IF(F28="Y","Settlement Authorization","")&IF(J28="Y",IF(F28="Y"," | ","")&"Open Stipulation","")&IF(M28="Y",IF(OR(F28="Y",J28="Y")," | ","")&"Pending QME","")&IF(P28="Y",IF(OR(F28="Y",J28="Y",M28="Y")," | ","")&"Automated Claim Alert","")&IF(S28="Y",IF(OR(F28="Y",J28="Y",M28="Y",P28="Y")," | ","")&"Inactive Customer","") -> Inactive Customer
A29: SYN-CLM-0028 | B29: Synthetic Claimant 0028 | C29: Claims Analyst C | D29: Synthetic Policyholder 096, LLC | E29: 44646 | F29: N | J29: Y | K29: 45828 | L29: N | M29: N | P29: N | S29: N | U29: =IF(ISNUMBER(SEARCH("SURGERY",Q29&" "&R29)),"Y","N") -> N | V29: =IF(ISNUMBER(SEARCH("MMI",Q29&" "&R29)),"Y","N") -> N | W29: =IF(ISNUMBER(SEARCH("DENIED TREATMENT",Q29&" "&R29)),"Y","N") -> N | X29: =IF(ISNUMBER(SEARCH("SPECIALIST CONSULTATION",Q29&" "&R29)),"Y","N") -> N | Y29: =IF(ISNUMBER(SEARCH("NON-RENEWED ACCOUNT",Q29&" "&R29)),"Y","N") -> N | Z29: =IF(ISNUMBER(SEARCH("MSA ELIGIBLE",Q29&" "&R29)),"Y","N") -> N | AA29: =COUNTIF(F29,"Y")+COUNTIF(J29,"Y")+COUNTIF(M29,"Y")+COUNTIF(P29,"Y")+COUNTIF(S29,"Y") -> 1 | AB29: =IF(AA29=5,"MAXIMUM MULTI-SIGNAL",IF(AA29=4,"HIGH MULTI-SIGNAL",IF(AA29=3,"ELEVATED MULTI-SIGNAL",IF(AA29=2,"MULTI-SIGNAL","SINGLE-SIGNAL")))) -> SINGLE-SIGNAL | AC29: =IF(F29="Y","Settlement Authorization","")&IF(J29="Y",IF(F29="Y"," | ","")&"Open Stipulation","")&IF(M29="Y",IF(OR(F29="Y",J29="Y")," | ","")&"Pending QME","")&IF(P29="Y",IF(OR(F29="Y",J29="Y",M29="Y")," | ","")&"Automated Claim Alert","")&IF(S29="Y",IF(OR(F29="Y",J29="Y",M29="Y",P29="Y")," | ","")&"Inactive Customer","") -> Open Stipulation
A30: SYN-CLM-0029 | B30: Synthetic Claimant 0029 | C30: Claims Analyst C | D30: Synthetic Policyholder 089, LLC | E30: 43270 | F30: Y | G30: 115750 | H30: Synthetic Approver 12 | I30: 43606 | J30: N | L30: Y | M30: N | P30: Y | Q30: MSA Eligible in Next 3 Years | S30: Y | T30: 45018 | U30: =IF(ISNUMBER(SEARCH("SURGERY",Q30&" "&R30)),"Y","N") -> N | V30: =IF(ISNUMBER(SEARCH("MMI",Q30&" "&R30)),"Y","N") -> N | W30: =IF(ISNUMBER(SEARCH("DENIED TREATMENT",Q30&" "&R30)),"Y","N") -> N | X30: =IF(ISNUMBER(SEARCH("SPECIALIST CONSULTATION",Q30&" "&R30)),"Y","N") -> N | Y30: =IF(ISNUMBER(SEARCH("NON-RENEWED ACCOUNT",Q30&" "&R30)),"Y","N") -> N | Z30: =IF(ISNUMBER(SEARCH("MSA ELIGIBLE",Q30&" "&R30)),"Y","N") -> Y | AA30: =COUNTIF(F30,"Y")+COUNTIF(J30,"Y")+COUNTIF(M30,"Y")+COUNTIF(P30,"Y")+COUNTIF(S30,"Y") -> 3 | AB30: =IF(AA30=5,"MAXIMUM MULTI-SIGNAL",IF(AA30=4,"HIGH MULTI-SIGNAL",IF(AA30=3,"ELEVATED MULTI-SIGNAL",IF(AA30=2,"MULTI-SIGNAL","SINGLE-SIGNAL")))) -> ELEVATED MULTI-SIGNAL | AC30: =IF(F30="Y","Settlement Authorization","")&IF(J30="Y",IF(F30="Y"," | ","")&"Open Stipulation","")&IF(M30="Y",IF(OR(F30="Y",J30="Y")," | ","")&"Pending QME","")&IF(P30="Y",IF(OR(F30="Y",J30="Y",M30="Y")," | ","")&"Automated Claim Alert","")&IF(S30="Y",IF(OR(F30="Y",J30="Y",M30="Y",P30="Y")," | ","")&"Inactive Customer","") -> Settlement Authorization | Automated Claim Alert | Inactive Customer
A31: SYN-CLM-0030 | B31: Synthetic Claimant 0030 | C31: Claims Analyst C | D31: Synthetic Policyholder 085, LLC | E31: 43230 | F31: Y | G31: 155750 | H31: Synthetic Approver 02 | I31: 43559 | J31: N | L31: N | M31: N | P31: N | S31: Y | T31: 44589 | U31: =IF(ISNUMBER(SEARCH("SURGERY",Q31&" "&R31)),"Y","N") -> N | V31: =IF(ISNUMBER(SEARCH("MMI",Q31&" "&R31)),"Y","N") -> N | W31: =IF(ISNUMBER(SEARCH("DENIED TREATMENT",Q31&" "&R31)),"Y","N") -> N | X31: =IF(ISNUMBER(SEARCH("SPECIALIST CONSULTATION",Q31&" "&R31)),"Y","N") -> N | Y31: =IF(ISNUMBER(SEARCH("NON-RENEWED ACCOUNT",Q31&" "&R31)),"Y","N") -> N | Z31: =IF(ISNUMBER(SEARCH("MSA ELIGIBLE",Q31&" "&R31)),"Y","N") -> N | AA31: =COUNTIF(F31,"Y")+COUNTIF(J31,"Y")+COUNTIF(M31,"Y")+COUNTIF(P31,"Y")+COUNTIF(S31,"Y") -> 2 | AB31: =IF(AA31=5,"MAXIMUM MULTI-SIGNAL",IF(AA31=4,"HIGH MULTI-SIGNAL",IF(AA31=3,"ELEVATED MULTI-SIGNAL",IF(AA31=2,"MULTI-SIGNAL","SINGLE-SIGNAL")))) -> MULTI-SIGNAL | AC31: =IF(F31="Y","Settlement Authorization","")&IF(J31="Y",IF(F31="Y"," | ","")&"Open Stipulation","")&IF(M31="Y",IF(OR(F31="Y",J31="Y")," | ","")&"Pending QME","")&IF(P31="Y",IF(OR(F31="Y",J31="Y",M31="Y")," | ","")&"Automated Claim Alert","")&IF(S31="Y",IF(OR(F31="Y",J31="Y",M31="Y",P31="Y")," | ","")&"Inactive Customer","") -> Settlement Authorization | Inactive Customer
A32: SYN-CLM-0031 | B32: Synthetic Claimant 0031 | C32: Claims Analyst C | D32: Synthetic Policyholder 048, LLC | E32: 43595 | F32: Y | G32: 170500 | H32: Synthetic Approver 06 | I32: 44131 | J32: N | L32: N | M32: N | P32: N | S32: Y | T32: 45135 | U32: =IF(ISNUMBER(SEARCH("SURGERY",Q32&" "&R32)),"Y","N") -> N | V32: =IF(ISNUMBER(SEARCH("MMI",Q32&" "&R32)),"Y","N") -> N | W32: =IF(ISNUMBER(SEARCH("DENIED TREATMENT",Q32&" "&R32)),"Y","N") -> N | X32: =IF(ISNUMBER(SEARCH("SPECIALIST CONSULTATION",Q32&" "&R32)),"Y","N") -> N | Y32: =IF(ISNUMBER(SEARCH("NON-RENEWED ACCOUNT",Q32&" "&R32)),"Y","N") -> N | Z32: =IF(ISNUMBER(SEARCH("MSA ELIGIBLE",Q32&" "&R32)),"Y","N") -> N | AA32: =COUNTIF(F32,"Y")+COUNTIF(J32,"Y")+COUNTIF(M32,"Y")+COUNTIF(P32,"Y")+COUNTIF(S32,"Y") -> 2 | AB32: =IF(AA32=5,"MAXIMUM MULTI-SIGNAL",IF(AA32=4,"HIGH MULTI-SIGNAL",IF(AA32=3,"ELEVATED MULTI-SIGNAL",IF(AA32=2,"MULTI-SIGNAL","SINGLE-SIGNAL")))) -> MULTI-SIGNAL | AC32: =IF(F32="Y","Settlement Authorization","")&IF(J32="Y",IF(F32="Y"," | ","")&"Open Stipulation","")&IF(M32="Y",IF(OR(F32="Y",J32="Y")," | ","")&"Pending QME","")&IF(P32="Y",IF(OR(F32="Y",J32="Y",M32="Y")," | ","")&"Automated Claim Alert","")&IF(S32="Y",IF(OR(F32="Y",J32="Y",M32="Y",P32="Y")," | ","")&"Inactive Customer","") -> Settlement Authorization | Inactive Customer
A33: SYN-CLM-0032 | B33: Synthetic Claimant 0032 | C33: Claims Analyst D | D33: Synthetic Policyholder 004, LLC | E33: 45156 | F33: Y | G33: 122250 | H33: Synthetic Approver 02 | I33: 45229 | J33: N | L33: N | M33: N | P33: N | S33: N | U33: =IF(ISNUMBER(SEARCH("SURGERY",Q33&" "&R33)),"Y","N") -> N | V33: =IF(ISNUMBER(SEARCH("MMI",Q33&" "&R33)),"Y","N") -> N | W33: =IF(ISNUMBER(SEARCH("DENIED TREATMENT",Q33&" "&R33)),"Y","N") -> N | X33: =IF(ISNUMBER(SEARCH("SPECIALIST CONSULTATION",Q33&" "&R33)),"Y","N") -> N | Y33: =IF(ISNUMBER(SEARCH("NON-RENEWED ACCOUNT",Q33&" "&R33)),"Y","N") -> N | Z33: =IF(ISNUMBER(SEARCH("MSA ELIGIBLE",Q33&" "&R33)),"Y","N") -> N | AA33: =COUNTIF(F33,"Y")+COUNTIF(J33,"Y")+COUNTIF(M33,"Y")+COUNTIF(P33,"Y")+COUNTIF(S33,"Y") -> 1 | AB33: =IF(AA33=5,"MAXIMUM MULTI-SIGNAL",IF(AA33=4,"HIGH MULTI-SIGNAL",IF(AA33=3,"ELEVATED MULTI-SIGNAL",IF(AA33=2,"MULTI-SIGNAL","SINGLE-SIGNAL")))) -> SINGLE-SIGNAL | AC33: =IF(F33="Y","Settlement Authorization","")&IF(J33="Y",IF(F33="Y"," | ","")&"Open Stipulation","")&IF(M33="Y",IF(OR(F33="Y",J33="Y")," | ","")&"Pending QME","")&IF(P33="Y",IF(OR(F33="Y",J33="Y",M33="Y")," | ","")&"Automated Claim Alert","")&IF(S33="Y",IF(OR(F33="Y",J33="Y",M33="Y",P33="Y")," | ","")&"Inactive Customer","") -> Settlement Authorization
A34: SYN-CLM-0033 | B34: Synthetic Claimant 0033 | C34: Claims Analyst E | D34: Synthetic Policyholder 125, LLC | E34: 45236 | F34: N | J34: N | M34: N | P34: N | S34: Y | T34: 46923 | U34: =IF(ISNUMBER(SEARCH("SURGERY",Q34&" "&R34)),"Y","N") -> N | V34: =IF(ISNUMBER(SEARCH("MMI",Q34&" "&R34)),"Y","N") -> N | W34: =IF(ISNUMBER(SEARCH("DENIED TREATMENT",Q34&" "&R34)),"Y","N") -> N | X34: =IF(ISNUMBER(SEARCH("SPECIALIST CONSULTATION",Q34&" "&R34)),"Y","N") -> N | Y34: =IF(ISNUMBER(SEARCH("NON-RENEWED ACCOUNT",Q34&" "&R34)),"Y","N") -> N | Z34: =IF(ISNUMBER(SEARCH("MSA ELIGIBLE",Q34&" "&R34)),"Y","N") -> N | AA34: =COUNTIF(F34,"Y")+COUNTIF(J34,"Y")+COUNTIF(M34,"Y")+COUNTIF(P34,"Y")+COUNTIF(S34,"Y") -> 1 | AB34: =IF(AA34=5,"MAXIMUM MULTI-SIGNAL",IF(AA34=4,"HIGH MULTI-SIGNAL",IF(AA34=3,"ELEVATED MULTI-SIGNAL",IF(AA34=2,"MULTI-SIGNAL","SINGLE-SIGNAL")))) -> SINGLE-SIGNAL | AC34: =IF(F34="Y","Settlement Authorization","")&IF(J34="Y",IF(F34="Y"," | ","")&"Open Stipulation","")&IF(M34="Y",IF(OR(F34="Y",J34="Y")," | ","")&"Pending QME","")&IF(P34="Y",IF(OR(F34="Y",J34="Y",M34="Y")," | ","")&"Automated Claim Alert","")&IF(S34="Y",IF(OR(F34="Y",J34="Y",M34="Y",P34="Y")," | ","")&"Inactive Customer","") -> Inactive Customer
A35: SYN-CLM-0034 | B35: Synthetic Claimant 0034 | C35: Claims Analyst E | D35: Synthetic Policyholder 019, LLC | E35: 43929 | F35: Y | G35: 71250 | H35: Synthetic Approver 01 | I35: 44890 | J35: N | L35: Y | M35: N | P35: N | S35: N | U35: =IF(ISNUMBER(SEARCH("SURGERY",Q35&" "&R35)),"Y","N") -> N | V35: =IF(ISNUMBER(SEARCH("MMI",Q35&" "&R35)),"Y","N") -> N | W35: =IF(ISNUMBER(SEARCH("DENIED TREATMENT",Q35&" "&R35)),"Y","N") -> N | X35: =IF(ISNUMBER(SEARCH("SPECIALIST CONSULTATION",Q35&" "&R35)),"Y","N") -> N | Y35: =IF(ISNUMBER(SEARCH("NON-RENEWED ACCOUNT",Q35&" "&R35)),"Y","N") -> N | Z35: =IF(ISNUMBER(SEARCH("MSA ELIGIBLE",Q35&" "&R35)),"Y","N") -> N | AA35: =COUNTIF(F35,"Y")+COUNTIF(J35,"Y")+COUNTIF(M35,"Y")+COUNTIF(P35,"Y")+COUNTIF(S35,"Y") -> 1 | AB35: =IF(AA35=5,"MAXIMUM MULTI-SIGNAL",IF(AA35=4,"HIGH MULTI-SIGNAL",IF(AA35=3,"ELEVATED MULTI-SIGNAL",IF(AA35=2,"MULTI-SIGNAL","SINGLE-SIGNAL")))) -> SINGLE-SIGNAL | AC35: =IF(F35="Y","Settlement Authorization","")&IF(J35="Y",IF(F35="Y"," | ","")&"Open Stipulation","")&IF(M35="Y",IF(OR(F35="Y",J35="Y")," | ","")&"Pending QME","")&IF(P35="Y",IF(OR(F35="Y",J35="Y",M35="Y")," | ","")&"Automated Claim Alert","")&IF(S35="Y",IF(OR(F35="Y",J35="Y",M35="Y",P35="Y")," | ","")&"Inactive Customer","") -> Settlement Authorization
A36: SYN-CLM-0035 | B36: Synthetic Claimant 0035 | C36: Claims Analyst E | D36: Synthetic Policyholder 014, LLC | E36: 45664 | F36: N | J36: Y | K36: 46697 | L36: Y | M36: N | P36: N | S36: N | U36: =IF(ISNUMBER(SEARCH("SURGERY",Q36&" "&R36)),"Y","N") -> N | V36: =IF(ISNUMBER(SEARCH("MMI",Q36&" "&R36)),"Y","N") -> N | W36: =IF(ISNUMBER(SEARCH("DENIED TREATMENT",Q36&" "&R36)),"Y","N") -> N | X36: =IF(ISNUMBER(SEARCH("SPECIALIST CONSULTATION",Q36&" "&R36)),"Y","N") -> N | Y36: =IF(ISNUMBER(SEARCH("NON-RENEWED ACCOUNT",Q36&" "&R36)),"Y","N") -> N | Z36: =IF(ISNUMBER(SEARCH("MSA ELIGIBLE",Q36&" "&R36)),"Y","N") -> N | AA36: =COUNTIF(F36,"Y")+COUNTIF(J36,"Y")+COUNTIF(M36,"Y")+COUNTIF(P36,"Y")+COUNTIF(S36,"Y") -> 1 | AB36: =IF(AA36=5,"MAXIMUM MULTI-SIGNAL",IF(AA36=4,"HIGH MULTI-SIGNAL",IF(AA36=3,"ELEVATED MULTI-SIGNAL",IF(AA36=2,"MULTI-SIGNAL","SINGLE-SIGNAL")))) -> SINGLE-SIGNAL | AC36: =IF(F36="Y","Settlement Authorization","")&IF(J36="Y",IF(F36="Y"," | ","")&"Open Stipulation","")&IF(M36="Y",IF(OR(F36="Y",J36="Y")," | ","")&"Pending QME","")&IF(P36="Y",IF(OR(F36="Y",J36="Y",M36="Y")," | ","")&"Automated Claim Alert","")&IF(S36="Y",IF(OR(F36="Y",J36="Y",M36="Y",P36="Y")," | ","")&"Inactive Customer","") -> Open Stipulation
A37: SYN-CLM-0036 | B37: Synthetic Claimant 0036 | C37: Claims Analyst E | D37: Synthetic Policyholder 170, LLC | E37: 43425 | F37: Y | G37: 69000 | H37: Synthetic Approver 09 | I37: 44401 | J37: Y | K37: 43983 | L37: N | M37: N | P37: N | S37: N | U37: =IF(ISNUMBER(SEARCH("SURGERY",Q37&" "&R37)),"Y","N") -> N | V37: =IF(ISNUMBER(SEARCH("MMI",Q37&" "&R37)),"Y","N") -> N | W37: =IF(ISNUMBER(SEARCH("DENIED TREATMENT",Q37&" "&R37)),"Y","N") -> N | X37: =IF(ISNUMBER(SEARCH("SPECIALIST CONSULTATION",Q37&" "&R37)),"Y","N") -> N | Y37: =IF(ISNUMBER(SEARCH("NON-RENEWED ACCOUNT",Q37&" "&R37)),"Y","N") -> N | Z37: =IF(ISNUMBER(SEARCH("MSA ELIGIBLE",Q37&" "&R37)),"Y","N") -> N | AA37: =COUNTIF(F37,"Y")+COUNTIF(J37,"Y")+COUNTIF(M37,"Y")+COUNTIF(P37,"Y")+COUNTIF(S37,"Y") -> 2 | AB37: =IF(AA37=5,"MAXIMUM MULTI-SIGNAL",IF(AA37=4,"HIGH MULTI-SIGNAL",IF(AA37=3,"ELEVATED MULTI-SIGNAL",IF(AA37=2,"MULTI-SIGNAL","SINGLE-SIGNAL")))) -> MULTI-SIGNAL | AC37: =IF(F37="Y","Settlement Authorization","")&IF(J37="Y",IF(F37="Y"," | ","")&"Open Stipulation","")&IF(M37="Y",IF(OR(F37="Y",J37="Y")," | ","")&"Pending QME","")&IF(P37="Y",IF(OR(F37="Y",J37="Y",M37="Y")," | ","")&"Automated Claim Alert","")&IF(S37="Y",IF(OR(F37="Y",J37="Y",M37="Y",P37="Y")," | ","")&"Inactive Customer","") -> Settlement Authorization | Open Stipulation
A38: SYN-CLM-0037 | B38: Synthetic Claimant 0037 | C38: Claims Analyst E | D38: Synthetic Policyholder 162, LLC | E38: 43707 | F38: Y | G38: 111000 | H38: Synthetic Approver 04 | I38: 44762 | J38: N | L38: Y | M38: N | P38: Y | Q38: MSA Eligible in Next 3 Years; Surgery Requested; MMI Date Reported | R38: Denied Treatment Requests | S38: N | U38: =IF(ISNUMBER(SEARCH("SURGERY",Q38&" "&R38)),"Y","N") -> Y | V38: =IF(ISNUMBER(SEARCH("MMI",Q38&" "&R38)),"Y","N") -> Y | W38: =IF(ISNUMBER(SEARCH("DENIED TREATMENT",Q38&" "&R38)),"Y","N") -> Y | X38: =IF(ISNUMBER(SEARCH("SPECIALIST CONSULTATION",Q38&" "&R38)),"Y","N") -> N | Y38: =IF(ISNUMBER(SEARCH("NON-RENEWED ACCOUNT",Q38&" "&R38)),"Y","N") -> N | Z38: =IF(ISNUMBER(SEARCH("MSA ELIGIBLE",Q38&" "&R38)),"Y","N") -> Y | AA38: =COUNTIF(F38,"Y")+COUNTIF(J38,"Y")+COUNTIF(M38,"Y")+COUNTIF(P38,"Y")+COUNTIF(S38,"Y") -> 2 | AB38: =IF(AA38=5,"MAXIMUM MULTI-SIGNAL",IF(AA38=4,"HIGH MULTI-SIGNAL",IF(AA38=3,"ELEVATED MULTI-SIGNAL",IF(AA38=2,"MULTI-SIGNAL","SINGLE-SIGNAL")))) -> MULTI-SIGNAL | AC38: =IF(F38="Y","Settlement Authorization","")&IF(J38="Y",IF(F38="Y"," | ","")&"Open Stipulation","")&IF(M38="Y",IF(OR(F38="Y",J38="Y")," | ","")&"Pending QME","")&IF(P38="Y",IF(OR(F38="Y",J38="Y",M38="Y")," | ","")&"Automated Claim Alert","")&IF(S38="Y",IF(OR(F38="Y",J38="Y",M38="Y",P38="Y")," | ","")&"Inactive Customer","") -> Settlement Authorization | Automated Claim Alert
A39: SYN-CLM-0038 | B39: Synthetic Claimant 0038 | C39: Claims Analyst E | D39: Synthetic Policyholder 113, LLC | E39: 44470 | F39: Y | G39: 42750 | H39: Synthetic Approver 01 | I39: 45899 | J39: N | L39: N | M39: N | P39: N | S39: N | U39: =IF(ISNUMBER(SEARCH("SURGERY",Q39&" "&R39)),"Y","N") -> N | V39: =IF(ISNUMBER(SEARCH("MMI",Q39&" "&R39)),"Y","N") -> N | W39: =IF(ISNUMBER(SEARCH("DENIED TREATMENT",Q39&" "&R39)),"Y","N") -> N | X39: =IF(ISNUMBER(SEARCH("SPECIALIST CONSULTATION",Q39&" "&R39)),"Y","N") -> N | Y39: =IF(ISNUMBER(SEARCH("NON-RENEWED ACCOUNT",Q39&" "&R39)),"Y","N") -> N | Z39: =IF(ISNUMBER(SEARCH("MSA ELIGIBLE",Q39&" "&R39)),"Y","N") -> N | AA39: =COUNTIF(F39,"Y")+COUNTIF(J39,"Y")+COUNTIF(M39,"Y")+COUNTIF(P39,"Y")+COUNTIF(S39,"Y") -> 1 | AB39: =IF(AA39=5,"MAXIMUM MULTI-SIGNAL",IF(AA39=4,"HIGH MULTI-SIGNAL",IF(AA39=3,"ELEVATED MULTI-SIGNAL",IF(AA39=2,"MULTI-SIGNAL","SINGLE-SIGNAL")))) -> SINGLE-SIGNAL | AC39: =IF(F39="Y","Settlement Authorization","")&IF(J39="Y",IF(F39="Y"," | ","")&"Open Stipulation","")&IF(M39="Y",IF(OR(F39="Y",J39="Y")," | ","")&"Pending QME","")&IF(P39="Y",IF(OR(F39="Y",J39="Y",M39="Y")," | ","")&"Automated Claim Alert","")&IF(S39="Y",IF(OR(F39="Y",J39="Y",M39="Y",P39="Y")," | ","")&"Inactive Customer","") -> Settlement Authorization
A40: SYN-CLM-0039 | B40: Synthetic Claimant 0039 | C40: Claims Analyst E | D40: Synthetic Policyholder 010, LLC | E40: 44918 | F40: Y | G40: 67250 | H40: Synthetic Approver 07 | I40: 45655 | J40: Y | K40: 45131 | L40: N | M40: N | P40: N | S40: N | U40: =IF(ISNUMBER(SEARCH("SURGERY",Q40&" "&R40)),"Y","N") -> N | V40: =IF(ISNUMBER(SEARCH("MMI",Q40&" "&R40)),"Y","N") -> N | W40: =IF(ISNUMBER(SEARCH("DENIED TREATMENT",Q40&" "&R40)),"Y","N") -> N | X40: =IF(ISNUMBER(SEARCH("SPECIALIST CONSULTATION",Q40&" "&R40)),"Y","N") -> N | Y40: =IF(ISNUMBER(SEARCH("NON-RENEWED ACCOUNT",Q40&" "&R40)),"Y","N") -> N | Z40: =IF(ISNUMBER(SEARCH("MSA ELIGIBLE",Q40&" "&R40)),"Y","N") -> N | AA40: =COUNTIF(F40,"Y")+COUNTIF(J40,"Y")+COUNTIF(M40,"Y")+COUNTIF(P40,"Y")+COUNTIF(S40,"Y") -> 2 | AB40: =IF(AA40=5,"MAXIMUM MULTI-SIGNAL",IF(AA40=4,"HIGH MULTI-SIGNAL",IF(AA40=3,"ELEVATED MULTI-SIGNAL",IF(AA40=2,"MULTI-SIGNAL","SINGLE-SIGNAL")))) -> MULTI-SIGNAL | AC40: =IF(F40="Y","Settlement Authorization","")&IF(J40="Y",IF(F40="Y"," | ","")&"Open Stipulation","")&IF(M40="Y",IF(OR(F40="Y",J40="Y")," | ","")&"Pending QME","")&IF(P40="Y",IF(OR(F40="Y",J40="Y",M40="Y")," | ","")&"Automated Claim Alert","")&IF(S40="Y",IF(OR(F40="Y",J40="Y",M40="Y",P40="Y")," | ","")&"Inactive Customer","") -> Settlement Authorization | Open Stipulation
A41: SYN-CLM-0040 | B41: Synthetic Claimant 0040 | C41: Claims Analyst E | D41: Synthetic Policyholder 032, LLC | E41: 43740 | F41: N | J41: N | M41: N | P41: Y | Q41: Surgery Requested; MSA Eligible in Next 3 Years | S41: Y | T41: 45416 | U41: =IF(ISNUMBER(SEARCH("SURGERY",Q41&" "&R41)),"Y","N") -> Y | V41: =IF(ISNUMBER(SEARCH("MMI",Q41&" "&R41)),"Y","N") -> N | W41: =IF(ISNUMBER(SEARCH("DENIED TREATMENT",Q41&" "&R41)),"Y","N") -> N | X41: =IF(ISNUMBER(SEARCH("SPECIALIST CONSULTATION",Q41&" "&R41)),"Y","N") -> N | Y41: =IF(ISNUMBER(SEARCH("NON-RENEWED ACCOUNT",Q41&" "&R41)),"Y","N") -> N | Z41: =IF(ISNUMBER(SEARCH("MSA ELIGIBLE",Q41&" "&R41)),"Y","N") -> Y | AA41: =COUNTIF(F41,"Y")+COUNTIF(J41,"Y")+COUNTIF(M41,"Y")+COUNTIF(P41,"Y")+COUNTIF(S41,"Y") -> 2 | AB41: =IF(AA41=5,"MAXIMUM MULTI-SIGNAL",IF(AA41=4,"HIGH MULTI-SIGNAL",IF(AA41=3,"ELEVATED MULTI-SIGNAL",IF(AA41=2,"MULTI-SIGNAL","SINGLE-SIGNAL")))) -> MULTI-SIGNAL | AC41: =IF(F41="Y","Settlement Authorization","")&IF(J41="Y",IF(F41="Y"," | ","")&"Open Stipulation","")&IF(M41="Y",IF(OR(F41="Y",J41="Y")," | ","")&"Pending QME","")&IF(P41="Y",IF(OR(F41="Y",J41="Y",M41="Y")," | ","")&"Automated Claim Alert","")&IF(S41="Y",IF(OR(F41="Y",J41="Y",M41="Y",P41="Y")," | ","")&"Inactive Customer","") -> Automated Claim Alert | Inactive Customer
A42: SYN-CLM-0041 | B42: Synthetic Claimant 0041 | C42: Claims Analyst E | D42: Synthetic Policyholder 153, LLC | E42: 45878 | F42: N | J42: N | M42: N | P42: N | S42: Y | T42: 47930 | U42: =IF(ISNUMBER(SEARCH("SURGERY",Q42&" "&R42)),"Y","N") -> N | V42: =IF(ISNUMBER(SEARCH("MMI",Q42&" "&R42)),"Y","N") -> N | W42: =IF(ISNUMBER(SEARCH("DENIED TREATMENT",Q42&" "&R42)),"Y","N") -> N | X42: =IF(ISNUMBER(SEARCH("SPECIALIST CONSULTATION",Q42&" "&R42)),"Y","N") -> N | Y42: =IF(ISNUMBER(SEARCH("NON-RENEWED ACCOUNT",Q42&" "&R42)),"Y","N") -> N | Z42: =IF(ISNUMBER(SEARCH("MSA ELIGIBLE",Q42&" "&R42)),"Y","N") -> N | AA42: =COUNTIF(F42,"Y")+COUNTIF(J42,"Y")+COUNTIF(M42,"Y")+COUNTIF(P42,"Y")+COUNTIF(S42,"Y") -> 1 | AB42: =IF(AA42=5,"MAXIMUM MULTI-SIGNAL",IF(AA42=4,"HIGH MULTI-SIGNAL",IF(AA42=3,"ELEVATED MULTI-SIGNAL",IF(AA42=2,"MULTI-SIGNAL","SINGLE-SIGNAL")))) -> SINGLE-SIGNAL | AC42: =IF(F42="Y","Settlement Authorization","")&IF(J42="Y",IF(F42="Y"," | ","")&"Open Stipulation","")&IF(M42="Y",IF(OR(F42="Y",J42="Y")," | ","")&"Pending QME","")&IF(P42="Y",IF(OR(F42="Y",J42="Y",M42="Y")," | ","")&"Automated Claim Alert","")&IF(S42="Y",IF(OR(F42="Y",J42="Y",M42="Y",P42="Y")," | ","")&"Inactive Customer","") -> Inactive Customer
A43: SYN-CLM-0042 | B43: Synthetic Claimant 0042 | C43: Claims Analyst E | D43: Synthetic Policyholder 139, LLC | E43: 45682 | F43: Y | G43: 114250 | H43: Synthetic Approver 04 | I43: 46407 | J43: N | L43: N | M43: N | P43: N | S43: N | U43: =IF(ISNUMBER(SEARCH("SURGERY",Q43&" "&R43)),"Y","N") -> N | V43: =IF(ISNUMBER(SEARCH("MMI",Q43&" "&R43)),"Y","N") -> N | W43: =IF(ISNUMBER(SEARCH("DENIED TREATMENT",Q43&" "&R43)),"Y","N") -> N | X43: =IF(ISNUMBER(SEARCH("SPECIALIST CONSULTATION",Q43&" "&R43)),"Y","N") -> N | Y43: =IF(ISNUMBER(SEARCH("NON-RENEWED ACCOUNT",Q43&" "&R43)),"Y","N") -> N | Z43: =IF(ISNUMBER(SEARCH("MSA ELIGIBLE",Q43&" "&R43)),"Y","N") -> N | AA43: =COUNTIF(F43,"Y")+COUNTIF(J43,"Y")+COUNTIF(M43,"Y")+COUNTIF(P43,"Y")+COUNTIF(S43,"Y") -> 1 | AB43: =IF(AA43=5,"MAXIMUM MULTI-SIGNAL",IF(AA43=4,"HIGH MULTI-SIGNAL",IF(AA43=3,"ELEVATED MULTI-SIGNAL",IF(AA43=2,"MULTI-SIGNAL","SINGLE-SIGNAL")))) -> SINGLE-SIGNAL | AC43: =IF(F43="Y","Settlement Authorization","")&IF(J43="Y",IF(F43="Y"," | ","")&"Open Stipulation","")&IF(M43="Y",IF(OR(F43="Y",J43="Y")," | ","")&"Pending QME","")&IF(P43="Y",IF(OR(F43="Y",J43="Y",M43="Y")," | ","")&"Automated Claim Alert","")&IF(S43="Y",IF(OR(F43="Y",J43="Y",M43="Y",P43="Y")," | ","")&"Inactive Customer","") -> Settlement Authorization
A44: SYN-CLM-0043 | B44: Synthetic Claimant 0043 | C44: Claims Analyst F | D44: Synthetic Policyholder 159, LLC | E44: 45858 | F44: Y | G44: 56250 | H44: Synthetic Approver 01 | I44: 46857 | J44: N | L44: Y | M44: N | P44: N | S44: N | U44: =IF(ISNUMBER(SEARCH("SURGERY",Q44&" "&R44)),"Y","N") -> N | V44: =IF(ISNUMBER(SEARCH("MMI",Q44&" "&R44)),"Y","N") -> N | W44: =IF(ISNUMBER(SEARCH("DENIED TREATMENT",Q44&" "&R44)),"Y","N") -> N | X44: =IF(ISNUMBER(SEARCH("SPECIALIST CONSULTATION",Q44&" "&R44)),"Y","N") -> N | Y44: =IF(ISNUMBER(SEARCH("NON-RENEWED ACCOUNT",Q44&" "&R44)),"Y","N") -> N | Z44: =IF(ISNUMBER(SEARCH("MSA ELIGIBLE",Q44&" "&R44)),"Y","N") -> N | AA44: =COUNTIF(F44,"Y")+COUNTIF(J44,"Y")+COUNTIF(M44,"Y")+COUNTIF(P44,"Y")+COUNTIF(S44,"Y") -> 1 | AB44: =IF(AA44=5,"MAXIMUM MULTI-SIGNAL",IF(AA44=4,"HIGH MULTI-SIGNAL",IF(AA44=3,"ELEVATED MULTI-SIGNAL",IF(AA44=2,"MULTI-SIGNAL","SINGLE-SIGNAL")))) -> SINGLE-SIGNAL | AC44: =IF(F44="Y","Settlement Authorization","")&IF(J44="Y",IF(F44="Y"," | ","")&"Open Stipulation","")&IF(M44="Y",IF(OR(F44="Y",J44="Y")," | ","")&"Pending QME","")&IF(P44="Y",IF(OR(F44="Y",J44="Y",M44="Y")," | ","")&"Automated Claim Alert","")&IF(S44="Y",IF(OR(F44="Y",J44="Y",M44="Y",P44="Y")," | ","")&"Inactive Customer","") -> Settlement Authorization
A45: SYN-CLM-0044 | B45: Synthetic Claimant 0044 | C45: Claims Analyst F | D45: Synthetic Policyholder 092, LLC | E45: 46026 | F45: Y | G45: 48250 | H45: Synthetic Approver 12 | I45: 47405 | J45: N | L45: Y | M45: N | P45: N | S45: N | U45: =IF(ISNUMBER(SEARCH("SURGERY",Q45&" "&R45)),"Y","N") -> N | V45: =IF(ISNUMBER(SEARCH("MMI",Q45&" "&R45)),"Y","N") -> N | W45: =IF(ISNUMBER(SEARCH("DENIED TREATMENT",Q45&" "&R45)),"Y","N") -> N | X45: =IF(ISNUMBER(SEARCH("SPECIALIST CONSULTATION",Q45&" "&R45)),"Y","N") -> N | Y45: =IF(ISNUMBER(SEARCH("NON-RENEWED ACCOUNT",Q45&" "&R45)),"Y","N") -> N | Z45: =IF(ISNUMBER(SEARCH("MSA ELIGIBLE",Q45&" "&R45)),"Y","N") -> N | AA45: =COUNTIF(F45,"Y")+COUNTIF(J45,"Y")+COUNTIF(M45,"Y")+COUNTIF(P45,"Y")+COUNTIF(S45,"Y") -> 1 | AB45: =IF(AA45=5,"MAXIMUM MULTI-SIGNAL",IF(AA45=4,"HIGH MULTI-SIGNAL",IF(AA45=3,"ELEVATED MULTI-SIGNAL",IF(AA45=2,"MULTI-SIGNAL","SINGLE-SIGNAL")))) -> SINGLE-SIGNAL | AC45: =IF(F45="Y","Settlement Authorization","")&IF(J45="Y",IF(F45="Y"," | ","")&"Open Stipulation","")&IF(M45="Y",IF(OR(F45="Y",J45="Y")," | ","")&"Pending QME","")&IF(P45="Y",IF(OR(F45="Y",J45="Y",M45="Y")," | ","")&"Automated Claim Alert","")&IF(S45="Y",IF(OR(F45="Y",J45="Y",M45="Y",P45="Y")," | ","")&"Inactive Customer","") -> Settlement Authorization
A46: SYN-CLM-0045 | B46: Synthetic Claimant 0045 | C46: Claims Analyst F | D46: Synthetic Policyholder 109, LLC | E46: 45422 | F46: N | J46: N | M46: N | P46: Y | Q46: Non-Renewed Account; MSA Eligible in Next 3 Years; MMI Date Reported | R46: Surgery Requested | S46: N | U46: =IF(ISNUMBER(SEARCH("SURGERY",Q46&" "&R46)),"Y","N") -> Y | V46: =IF(ISNUMBER(SEARCH("MMI",Q46&" "&R46)),"Y","N") -> Y | W46: =IF(ISNUMBER(SEARCH("DENIED TREATMENT",Q46&" "&R46)),"Y","N") -> N | X46: =IF(ISNUMBER(SEARCH("SPECIALIST CONSULTATION",Q46&" "&R46)),"Y","N") -> N | Y46: =IF(ISNUMBER(SEARCH("NON-RENEWED ACCOUNT",Q46&" "&R46)),"Y","N") -> Y | Z46: =IF(ISNUMBER(SEARCH("MSA ELIGIBLE",Q46&" "&R46)),"Y","N") -> Y | AA46: =COUNTIF(F46,"Y")+COUNTIF(J46,"Y")+COUNTIF(M46,"Y")+COUNTIF(P46,"Y")+COUNTIF(S46,"Y") -> 1 | AB46: =IF(AA46=5,"MAXIMUM MULTI-SIGNAL",IF(AA46=4,"HIGH MULTI-SIGNAL",IF(AA46=3,"ELEVATED MULTI-SIGNAL",IF(AA46=2,"MULTI-SIGNAL","SINGLE-SIGNAL")))) -> SINGLE-SIGNAL | AC46: =IF(F46="Y","Settlement Authorization","")&IF(J46="Y",IF(F46="Y"," | ","")&"Open Stipulation","")&IF(M46="Y",IF(OR(F46="Y",J46="Y")," | ","")&"Pending QME","")&IF(P46="Y",IF(OR(F46="Y",J46="Y",M46="Y")," | ","")&"Automated Claim Alert","")&IF(S46="Y",IF(OR(F46="Y",J46="Y",M46="Y",P46="Y")," | ","")&"Inactive Customer","") -> Automated Claim Alert
A47: SYN-CLM-0046 | B47: Synthetic Claimant 0046 | C47: Claims Analyst F | D47: Synthetic Policyholder 054, LLC | E47: 44284 | F47: Y | G47: 158250 | H47: Synthetic Approver 01 | I47: 44395 | J47: N | L47: Y | M47: N | P47: N | S47: N | U47: =IF(ISNUMBER(SEARCH("SURGERY",Q47&" "&R47)),"Y","N") -> N | V47: =IF(ISNUMBER(SEARCH("MMI",Q47&" "&R47)),"Y","N") -> N | W47: =IF(ISNUMBER(SEARCH("DENIED TREATMENT",Q47&" "&R47)),"Y","N") -> N | X47: =IF(ISNUMBER(SEARCH("SPECIALIST CONSULTATION",Q47&" "&R47)),"Y","N") -> N | Y47: =IF(ISNUMBER(SEARCH("NON-RENEWED ACCOUNT",Q47&" "&R47)),"Y","N") -> N | Z47: =IF(ISNUMBER(SEARCH("MSA ELIGIBLE",Q47&" "&R47)),"Y","N") -> N | AA47: =COUNTIF(F47,"Y")+COUNTIF(J47,"Y")+COUNTIF(M47,"Y")+COUNTIF(P47,"Y")+COUNTIF(S47,"Y") -> 1 | AB47: =IF(AA47=5,"MAXIMUM MULTI-SIGNAL",IF(AA47=4,"HIGH MULTI-SIGNAL",IF(AA47=3,"ELEVATED MULTI-SIGNAL",IF(AA47=2,"MULTI-SIGNAL","SINGLE-SIGNAL")))) -> SINGLE-SIGNAL | AC47: =IF(F47="Y","Settlement Authorization","")&IF(J47="Y",IF(F47="Y"," | ","")&"Open Stipulation","")&IF(M47="Y",IF(OR(F47="Y",J47="Y")," | ","")&"Pending QME","")&IF(P47="Y",IF(OR(F47="Y",J47="Y",M47="Y")," | ","")&"Automated Claim Alert","")&IF(S47="Y",IF(OR(F47="Y",J47="Y",M47="Y",P47="Y")," | ","")&"Inactive Customer","") -> Settlement Authorization
A48: SYN-CLM-0047 | B48: Synthetic Claimant 0047 | C48: Claims Analyst F | D48: Synthetic Policyholder 046, LLC | E48: 43515 | F48: N | J48: N | M48: N | P48: Y | Q48: MSA Eligible in Next 3 Years; Specialist Consultation Requested; Non-Renewed Account | S48: N | U48: =IF(ISNUMBER(SEARCH("SURGERY",Q48&" "&R48)),"Y","N") -> N | V48: =IF(ISNUMBER(SEARCH("MMI",Q48&" "&R48)),"Y","N") -> N | W48: =IF(ISNUMBER(SEARCH("DENIED TREATMENT",Q48&" "&R48)),"Y","N") -> N | X48: =IF(ISNUMBER(SEARCH("SPECIALIST CONSULTATION",Q48&" "&R48)),"Y","N") -> Y | Y48: =IF(ISNUMBER(SEARCH("NON-RENEWED ACCOUNT",Q48&" "&R48)),"Y","N") -> Y | Z48: =IF(ISNUMBER(SEARCH("MSA ELIGIBLE",Q48&" "&R48)),"Y","N") -> Y | AA48: =COUNTIF(F48,"Y")+COUNTIF(J48,"Y")+COUNTIF(M48,"Y")+COUNTIF(P48,"Y")+COUNTIF(S48,"Y") -> 1 | AB48: =IF(AA48=5,"MAXIMUM MULTI-SIGNAL",IF(AA48=4,"HIGH MULTI-SIGNAL",IF(AA48=3,"ELEVATED MULTI-SIGNAL",IF(AA48=2,"MULTI-SIGNAL","SINGLE-SIGNAL")))) -> SINGLE-SIGNAL | AC48: =IF(F48="Y","Settlement Authorization","")&IF(J48="Y",IF(F48="Y"," | ","")&"Open Stipulation","")&IF(M48="Y",IF(OR(F48="Y",J48="Y")," | ","")&"Pending QME","")&IF(P48="Y",IF(OR(F48="Y",J48="Y",M48="Y")," | ","")&"Automated Claim Alert","")&IF(S48="Y",IF(OR(F48="Y",J48="Y",M48="Y",P48="Y")," | ","")&"Inactive Customer","") -> Automated Claim Alert
A49: SYN-CLM-0048 | B49: Synthetic Claimant 0048 | C49: Claims Analyst F | D49: Synthetic Policyholder 171, LLC | E49: 45242 | F49: Y | G49: 84750 | H49: Synthetic Approver 09 | I49: 45565 | J49: N | L49: N | M49: N | P49: N | S49: N | U49: =IF(ISNUMBER(SEARCH("SURGERY",Q49&" "&R49)),"Y","N") -> N | V49: =IF(ISNUMBER(SEARCH("MMI",Q49&" "&R49)),"Y","N") -> N | W49: =IF(ISNUMBER(SEARCH("DENIED TREATMENT",Q49&" "&R49)),"Y","N") -> N | X49: =IF(ISNUMBER(SEARCH("SPECIALIST CONSULTATION",Q49&" "&R49)),"Y","N") -> N | Y49: =IF(ISNUMBER(SEARCH("NON-RENEWED ACCOUNT",Q49&" "&R49)),"Y","N") -> N | Z49: =IF(ISNUMBER(SEARCH("MSA ELIGIBLE",Q49&" "&R49)),"Y","N") -> N | AA49: =COUNTIF(F49,"Y")+COUNTIF(J49,"Y")+COUNTIF(M49,"Y")+COUNTIF(P49,"Y")+COUNTIF(S49,"Y") -> 1 | AB49: =IF(AA49=5,"MAXIMUM MULTI-SIGNAL",IF(AA49=4,"HIGH MULTI-SIGNAL",IF(AA49=3,"ELEVATED MULTI-SIGNAL",IF(AA49=2,"MULTI-SIGNAL","SINGLE-SIGNAL")))) -> SINGLE-SIGNAL | AC49: =IF(F49="Y","Settlement Authorization","")&IF(J49="Y",IF(F49="Y"," | ","")&"Open Stipulation","")&IF(M49="Y",IF(OR(F49="Y",J49="Y")," | ","")&"Pending QME","")&IF(P49="Y",IF(OR(F49="Y",J49="Y",M49="Y")," | ","")&"Automated Claim Alert","")&IF(S49="Y",IF(OR(F49="Y",J49="Y",M49="Y",P49="Y")," | ","")&"Inactive Customer","") -> Settlement Authorization
A50: SYN-CLM-0049 | B50: Synthetic Claimant 0049 | C50: Claims Analyst F | D50: Synthetic Policyholder 131, LLC | E50: 43642 | F50: N | J50: N | M50: N | P50: Y | Q50: Non-Renewed Account | R50: Specialist Consultation Requested; Surgery Requested | S50: N | U50: =IF(ISNUMBER(SEARCH("SURGERY",Q50&" "&R50)),"Y","N") -> Y | V50: =IF(ISNUMBER(SEARCH("MMI",Q50&" "&R50)),"Y","N") -> N | W50: =IF(ISNUMBER(SEARCH("DENIED TREATMENT",Q50&" "&R50)),"Y","N") -> N | X50: =IF(ISNUMBER(SEARCH("SPECIALIST CONSULTATION",Q50&" "&R50)),"Y","N") -> Y | Y50: =IF(ISNUMBER(SEARCH("NON-RENEWED ACCOUNT",Q50&" "&R50)),"Y","N") -> Y | Z50: =IF(ISNUMBER(SEARCH("MSA ELIGIBLE",Q50&" "&R50)),"Y","N") -> N | AA50: =COUNTIF(F50,"Y")+COUNTIF(J50,"Y")+COUNTIF(M50,"Y")+COUNTIF(P50,"Y")+COUNTIF(S50,"Y") -> 1 | AB50: =IF(AA50=5,"MAXIMUM MULTI-SIGNAL",IF(AA50=4,"HIGH MULTI-SIGNAL",IF(AA50=3,"ELEVATED MULTI-SIGNAL",IF(AA50=2,"MULTI-SIGNAL","SINGLE-SIGNAL")))) -> SINGLE-SIGNAL | AC50: =IF(F50="Y","Settlement Authorization","")&IF(J50="Y",IF(F50="Y"," | ","")&"Open Stipulation","")&IF(M50="Y",IF(OR(F50="Y",J50="Y")," | ","")&"Pending QME","")&IF(P50="Y",IF(OR(F50="Y",J50="Y",M50="Y")," | ","")&"Automated Claim Alert","")&IF(S50="Y",IF(OR(F50="Y",J50="Y",M50="Y",P50="Y")," | ","")&"Inactive Customer","") -> Automated Claim Alert
A51: SYN-CLM-0050 | B51: Synthetic Claimant 0050 | C51: Claims Analyst F | D51: Synthetic Policyholder 149, LLC | E51: 45099 | F51: Y | G51: 67500 | H51: Synthetic Approver 01 | I51: 46193 | J51: Y | K51: 45300 | L51: Y | M51: N | P51: Y | Q51: MMI Date Reported | R51: Specialist Consultation Requested | S51: Y | T51: 45570 | U51: =IF(ISNUMBER(SEARCH("SURGERY",Q51&" "&R51)),"Y","N") -> N | V51: =IF(ISNUMBER(SEARCH("MMI",Q51&" "&R51)),"Y","N") -> Y | W51: =IF(ISNUMBER(SEARCH("DENIED TREATMENT",Q51&" "&R51)),"Y","N") -> N | X51: =IF(ISNUMBER(SEARCH("SPECIALIST CONSULTATION",Q51&" "&R51)),"Y","N") -> Y | Y51: =IF(ISNUMBER(SEARCH("NON-RENEWED ACCOUNT",Q51&" "&R51)),"Y","N") -> N | Z51: =IF(ISNUMBER(SEARCH("MSA ELIGIBLE",Q51&" "&R51)),"Y","N") -> N | AA51: =COUNTIF(F51,"Y")+COUNTIF(J51,"Y")+COUNTIF(M51,"Y")+COUNTIF(P51,"Y")+COUNTIF(S51,"Y") -> 4 | AB51: =IF(AA51=5,"MAXIMUM MULTI-SIGNAL",IF(AA51=4,"HIGH MULTI-SIGNAL",IF(AA51=3,"ELEVATED MULTI-SIGNAL",IF(AA51=2,"MULTI-SIGNAL","SINGLE-SIGNAL")))) -> HIGH MULTI-SIGNAL | AC51: =IF(F51="Y","Settlement Authorization","")&IF(J51="Y",IF(F51="Y"," | ","")&"Open Stipulation","")&IF(M51="Y",IF(OR(F51="Y",J51="Y")," | ","")&"Pending QME","")&IF(P51="Y",IF(OR(F51="Y",J51="Y",M51="Y")," | ","")&"Automated Claim Alert","")&IF(S51="Y",IF(OR(F51="Y",J51="Y",M51="Y",P51="Y")," | ","")&"Inactive Customer","") -> Settlement Authorization | Open Stipulation | Automated Claim Alert | Inactive Customer
A52: SYN-CLM-0051 | B52: Synthetic Claimant 0051 | C52: Claims Analyst F | D52: Synthetic Policyholder 122, LLC | E52: 44325 | F52: Y | G52: 25250 | H52: Synthetic Approver 07 | I52: 45026 | J52: N | L52: N | M52: N | P52: N | S52: N | U52: =IF(ISNUMBER(SEARCH("SURGERY",Q52&" "&R52)),"Y","N") -> N | V52: =IF(ISNUMBER(SEARCH("MMI",Q52&" "&R52)),"Y","N") -> N | W52: =IF(ISNUMBER(SEARCH("DENIED TREATMENT",Q52&" "&R52)),"Y","N") -> N | X52: =IF(ISNUMBER(SEARCH("SPECIALIST CONSULTATION",Q52&" "&R52)),"Y","N") -> N | Y52: =IF(ISNUMBER(SEARCH("NON-RENEWED ACCOUNT",Q52&" "&R52)),"Y","N") -> N | Z52: =IF(ISNUMBER(SEARCH("MSA ELIGIBLE",Q52&" "&R52)),"Y","N") -> N | AA52: =COUNTIF(F52,"Y")+COUNTIF(J52,"Y")+COUNTIF(M52,"Y")+COUNTIF(P52,"Y")+COUNTIF(S52,"Y") -> 1 | AB52: =IF(AA52=5,"MAXIMUM MULTI-SIGNAL",IF(AA52=4,"HIGH MULTI-SIGNAL",IF(AA52=3,"ELEVATED MULTI-SIGNAL",IF(AA52=2,"MULTI-SIGNAL","SINGLE-SIGNAL")))) -> SINGLE-SIGNAL | AC52: =IF(F52="Y","Settlement Authorization","")&IF(J52="Y",IF(F52="Y"," | ","")&"Open Stipulation","")&IF(M52="Y",IF(OR(F52="Y",J52="Y")," | ","")&"Pending QME","")&IF(P52="Y",IF(OR(F52="Y",J52="Y",M52="Y")," | ","")&"Automated Claim Alert","")&IF(S52="Y",IF(OR(F52="Y",J52="Y",M52="Y",P52="Y")," | ","")&"Inactive Customer","") -> Settlement Authorization
A53: SYN-CLM-0052 | B53: Synthetic Claimant 0052 | C53: Claims Analyst F | D53: Synthetic Policyholder 141, LLC | E53: 44340 | F53: Y | G53: 49750 | H53: Synthetic Approver 09 | I53: 45474 | J53: N | L53: Y | M53: N | P53: N | S53: N | U53: =IF(ISNUMBER(SEARCH("SURGERY",Q53&" "&R53)),"Y","N") -> N | V53: =IF(ISNUMBER(SEARCH("MMI",Q53&" "&R53)),"Y","N") -> N | W53: =IF(ISNUMBER(SEARCH("DENIED TREATMENT",Q53&" "&R53)),"Y","N") -> N | X53: =IF(ISNUMBER(SEARCH("SPECIALIST CONSULTATION",Q53&" "&R53)),"Y","N") -> N | Y53: =IF(ISNUMBER(SEARCH("NON-RENEWED ACCOUNT",Q53&" "&R53)),"Y","N") -> N | Z53: =IF(ISNUMBER(SEARCH("MSA ELIGIBLE",Q53&" "&R53)),"Y","N") -> N | AA53: =COUNTIF(F53,"Y")+COUNTIF(J53,"Y")+COUNTIF(M53,"Y")+COUNTIF(P53,"Y")+COUNTIF(S53,"Y") -> 1 | AB53: =IF(AA53=5,"MAXIMUM MULTI-SIGNAL",IF(AA53=4,"HIGH MULTI-SIGNAL",IF(AA53=3,"ELEVATED MULTI-SIGNAL",IF(AA53=2,"MULTI-SIGNAL","SINGLE-SIGNAL")))) -> SINGLE-SIGNAL | AC53: =IF(F53="Y","Settlement Authorization","")&IF(J53="Y",IF(F53="Y"," | ","")&"Open Stipulation","")&IF(M53="Y",IF(OR(F53="Y",J53="Y")," | ","")&"Pending QME","")&IF(P53="Y",IF(OR(F53="Y",J53="Y",M53="Y")," | ","")&"Automated Claim Alert","")&IF(S53="Y",IF(OR(F53="Y",J53="Y",M53="Y",P53="Y")," | ","")&"Inactive Customer","") -> Settlement Authorization
A54: SYN-CLM-0053 | B54: Synthetic Claimant 0053 | C54: Claims Analyst F | D54: Synthetic Policyholder 141, LLC | E54: 44724 | F54: N | J54: N | M54: N | P54: Y | Q54: MMI Date Reported | R54: MSA Eligible in Next 3 Years | S54: N | U54: =IF(ISNUMBER(SEARCH("SURGERY",Q54&" "&R54)),"Y","N") -> N | V54: =IF(ISNUMBER(SEARCH("MMI",Q54&" "&R54)),"Y","N") -> Y | W54: =IF(ISNUMBER(SEARCH("DENIED TREATMENT",Q54&" "&R54)),"Y","N") -> N | X54: =IF(ISNUMBER(SEARCH("SPECIALIST CONSULTATION",Q54&" "&R54)),"Y","N") -> N | Y54: =IF(ISNUMBER(SEARCH("NON-RENEWED ACCOUNT",Q54&" "&R54)),"Y","N") -> N | Z54: =IF(ISNUMBER(SEARCH("MSA ELIGIBLE",Q54&" "&R54)),"Y","N") -> Y | AA54: =COUNTIF(F54,"Y")+COUNTIF(J54,"Y")+COUNTIF(M54,"Y")+COUNTIF(P54,"Y")+COUNTIF(S54,"Y") -> 1 | AB54: =IF(AA54=5,"MAXIMUM MULTI-SIGNAL",IF(AA54=4,"HIGH MULTI-SIGNAL",IF(AA54=3,"ELEVATED MULTI-SIGNAL",IF(AA54=2,"MULTI-SIGNAL","SINGLE-SIGNAL")))) -> SINGLE-SIGNAL | AC54: =IF(F54="Y","Settlement Authorization","")&IF(J54="Y",IF(F54="Y"," | ","")&"Open Stipulation","")&IF(M54="Y",IF(OR(F54="Y",J54="Y")," | ","")&"Pending QME","")&IF(P54="Y",IF(OR(F54="Y",J54="Y",M54="Y")," | ","")&"Automated Claim Alert","")&IF(S54="Y",IF(OR(F54="Y",J54="Y",M54="Y",P54="Y")," | ","")&"Inactive Customer","") -> Automated Claim Alert
A55: SYN-CLM-0054 | B55: Synthetic Claimant 0054 | C55: Claims Analyst F | D55: Synthetic Policyholder 006, LLC | E55: 43966 | F55: N | J55: N | M55: N | P55: N | S55: Y | T55: 44971 | U55: =IF(ISNUMBER(SEARCH("SURGERY",Q55&" "&R55)),"Y","N") -> N | V55: =IF(ISNUMBER(SEARCH("MMI",Q55&" "&R55)),"Y","N") -> N | W55: =IF(ISNUMBER(SEARCH("DENIED TREATMENT",Q55&" "&R55)),"Y","N") -> N | X55: =IF(ISNUMBER(SEARCH("SPECIALIST CONSULTATION",Q55&" "&R55)),"Y","N") -> N | Y55: =IF(ISNUMBER(SEARCH("NON-RENEWED ACCOUNT",Q55&" "&R55)),"Y","N") -> N | Z55: =IF(ISNUMBER(SEARCH("MSA ELIGIBLE",Q55&" "&R55)),"Y","N") -> N | AA55: =COUNTIF(F55,"Y")+COUNTIF(J55,"Y")+COUNTIF(M55,"Y")+COUNTIF(P55,"Y")+COUNTIF(S55,"Y") -> 1 | AB55: =IF(AA55=5,"MAXIMUM MULTI-SIGNAL",IF(AA55=4,"HIGH MULTI-SIGNAL",IF(AA55=3,"ELEVATED MULTI-SIGNAL",IF(AA55=2,"MULTI-SIGNAL","SINGLE-SIGNAL")))) -> SINGLE-SIGNAL | AC55: =IF(F55="Y","Settlement Authorization","")&IF(J55="Y",IF(F55="Y"," | ","")&"Open Stipulation","")&IF(M55="Y",IF(OR(F55="Y",J55="Y")," | ","")&"Pending QME","")&IF(P55="Y",IF(OR(F55="Y",J55="Y",M55="Y")," | ","")&"Automated Claim Alert","")&IF(S55="Y",IF(OR(F55="Y",J55="Y",M55="Y",P55="Y")," | ","")&"Inactive Customer","") -> Inactive Customer
A56: SYN-CLM-0055 | B56: Synthetic Claimant 0055 | C56: Claims Analyst F | D56: Synthetic Policyholder 007, LLC | E56: 43944 | F56: Y | G56: 118750 | H56: Synthetic Approver 03 | I56: 44028 | J56: N | L56: Y | M56: N | P56: N | S56: N | U56: =IF(ISNUMBER(SEARCH("SURGERY",Q56&" "&R56)),"Y","N") -> N | V56: =IF(ISNUMBER(SEARCH("MMI",Q56&" "&R56)),"Y","N") -> N | W56: =IF(ISNUMBER(SEARCH("DENIED TREATMENT",Q56&" "&R56)),"Y","N") -> N | X56: =IF(ISNUMBER(SEARCH("SPECIALIST CONSULTATION",Q56&" "&R56)),"Y","N") -> N | Y56: =IF(ISNUMBER(SEARCH("NON-RENEWED ACCOUNT",Q56&" "&R56)),"Y","N") -> N | Z56: =IF(ISNUMBER(SEARCH("MSA ELIGIBLE",Q56&" "&R56)),"Y","N") -> N | AA56: =COUNTIF(F56,"Y")+COUNTIF(J56,"Y")+COUNTIF(M56,"Y")+COUNTIF(P56,"Y")+COUNTIF(S56,"Y") -> 1 | AB56: =IF(AA56=5,"MAXIMUM MULTI-SIGNAL",IF(AA56=4,"HIGH MULTI-SIGNAL",IF(AA56=3,"ELEVATED MULTI-SIGNAL",IF(AA56=2,"MULTI-SIGNAL","SINGLE-SIGNAL")))) -> SINGLE-SIGNAL | AC56: =IF(F56="Y","Settlement Authorization","")&IF(J56="Y",IF(F56="Y"," | ","")&"Open Stipulation","")&IF(M56="Y",IF(OR(F56="Y",J56="Y")," | ","")&"Pending QME","")&IF(P56="Y",IF(OR(F56="Y",J56="Y",M56="Y")," | ","")&"Automated Claim Alert","")&IF(S56="Y",IF(OR(F56="Y",J56="Y",M56="Y",P56="Y")," | ","")&"Inactive Customer","") -> Settlement Authorization
A57: SYN-CLM-0056 | B57: Synthetic Claimant 0056 | C57: Claims Analyst F | D57: Synthetic Policyholder 096, LLC | E57: 45062 | F57: Y | G57: 132250 | H57: Synthetic Approver 02 | I57: 45342 | J57: N | L57: Y | M57: N | P57: N | S57: N | U57: =IF(ISNUMBER(SEARCH("SURGERY",Q57&" "&R57)),"Y","N") -> N | V57: =IF(ISNUMBER(SEARCH("MMI",Q57&" "&R57)),"Y","N") -> N | W57: =IF(ISNUMBER(SEARCH("DENIED TREATMENT",Q57&" "&R57)),"Y","N") -> N | X57: =IF(ISNUMBER(SEARCH("SPECIALIST CONSULTATION",Q57&" "&R57)),"Y","N") -> N | Y57: =IF(ISNUMBER(SEARCH("NON-RENEWED ACCOUNT",Q57&" "&R57)),"Y","N") -> N | Z57: =IF(ISNUMBER(SEARCH("MSA ELIGIBLE",Q57&" "&R57)),"Y","N") -> N | AA57: =COUNTIF(F57,"Y")+COUNTIF(J57,"Y")+COUNTIF(M57,"Y")+COUNTIF(P57,"Y")+COUNTIF(S57,"Y") -> 1 | AB57: =IF(AA57=5,"MAXIMUM MULTI-SIGNAL",IF(AA57=4,"HIGH MULTI-SIGNAL",IF(AA57=3,"ELEVATED MULTI-SIGNAL",IF(AA57=2,"MULTI-SIGNAL","SINGLE-SIGNAL")))) -> SINGLE-SIGNAL | AC57: =IF(F57="Y","Settlement Authorization","")&IF(J57="Y",IF(F57="Y"," | ","")&"Open Stipulation","")&IF(M57="Y",IF(OR(F57="Y",J57="Y")," | ","")&"Pending QME","")&IF(P57="Y",IF(OR(F57="Y",J57="Y",M57="Y")," | ","")&"Automated Claim Alert","")&IF(S57="Y",IF(OR(F57="Y",J57="Y",M57="Y",P57="Y")," | ","")&"Inactive Customer","") -> Settlement Authorization
A58: SYN-CLM-0057 | B58: Synthetic Claimant 0057 | C58: Claims Analyst F | D58: Synthetic Policyholder 074, LLC | E58: 44337 | F58: Y | G58: 51750 | H58: Synthetic Approver 12 | I58: 45836 | J58: N | L58: Y | M58: N | P58: N | S58: N | U58: =IF(ISNUMBER(SEARCH("SURGERY",Q58&" "&R58)),"Y","N") -> N | V58: =IF(ISNUMBER(SEARCH("MMI",Q58&" "&R58)),"Y","N") -> N | W58: =IF(ISNUMBER(SEARCH("DENIED TREATMENT",Q58&" "&R58)),"Y","N") -> N | X58: =IF(ISNUMBER(SEARCH("SPECIALIST CONSULTATION",Q58&" "&R58)),"Y","N") -> N | Y58: =IF(ISNUMBER(SEARCH("NON-RENEWED ACCOUNT",Q58&" "&R58)),"Y","N") -> N | Z58: =IF(ISNUMBER(SEARCH("MSA ELIGIBLE",Q58&" "&R58)),"Y","N") -> N | AA58: =COUNTIF(F58,"Y")+COUNTIF(J58,"Y")+COUNTIF(M58,"Y")+COUNTIF(P58,"Y")+COUNTIF(S58,"Y") -> 1 | AB58: =IF(AA58=5,"MAXIMUM MULTI-SIGNAL",IF(AA58=4,"HIGH MULTI-SIGNAL",IF(AA58=3,"ELEVATED MULTI-SIGNAL",IF(AA58=2,"MULTI-SIGNAL","SINGLE-SIGNAL")))) -> SINGLE-SIGNAL | AC58: =IF(F58="Y","Settlement Authorization","")&IF(J58="Y",IF(F58="Y"," | ","")&"Open Stipulation","")&IF(M58="Y",IF(OR(F58="Y",J58="Y")," | ","")&"Pending QME","")&IF(P58="Y",IF(OR(F58="Y",J58="Y",M58="Y")," | ","")&"Automated Claim Alert","")&IF(S58="Y",IF(OR(F58="Y",J58="Y",M58="Y",P58="Y")," | ","")&"Inactive Customer","") -> Settlement Authorization
A59: SYN-CLM-0058 | B59: Synthetic Claimant 0058 | C59: Claims Analyst F | D59: Synthetic Policyholder 109, LLC | E59: 44034 | F59: Y | G59: 30000 | H59: Synthetic Approver 11 | I59: 44530 | J59: N | L59: N | M59: N | P59: N | S59: Y | T59: 45573 | U59: =IF(ISNUMBER(SEARCH("SURGERY",Q59&" "&R59)),"Y","N") -> N | V59: =IF(ISNUMBER(SEARCH("MMI",Q59&" "&R59)),"Y","N") -> N | W59: =IF(ISNUMBER(SEARCH("DENIED TREATMENT",Q59&" "&R59)),"Y","N") -> N | X59: =IF(ISNUMBER(SEARCH("SPECIALIST CONSULTATION",Q59&" "&R59)),"Y","N") -> N | Y59: =IF(ISNUMBER(SEARCH("NON-RENEWED ACCOUNT",Q59&" "&R59)),"Y","N") -> N | Z59: =IF(ISNUMBER(SEARCH("MSA ELIGIBLE",Q59&" "&R59)),"Y","N") -> N | AA59: =COUNTIF(F59,"Y")+COUNTIF(J59,"Y")+COUNTIF(M59,"Y")+COUNTIF(P59,"Y")+COUNTIF(S59,"Y") -> 2 | AB59: =IF(AA59=5,"MAXIMUM MULTI-SIGNAL",IF(AA59=4,"HIGH MULTI-SIGNAL",IF(AA59=3,"ELEVATED MULTI-SIGNAL",IF(AA59=2,"MULTI-SIGNAL","SINGLE-SIGNAL")))) -> MULTI-SIGNAL | AC59: =IF(F59="Y","Settlement Authorization","")&IF(J59="Y",IF(F59="Y"," | ","")&"Open Stipulation","")&IF(M59="Y",IF(OR(F59="Y",J59="Y")," | ","")&"Pending QME","")&IF(P59="Y",IF(OR(F59="Y",J59="Y",M59="Y")," | ","")&"Automated Claim Alert","")&IF(S59="Y",IF(OR(F59="Y",J59="Y",M59="Y",P59="Y")," | ","")&"Inactive Customer","") -> Settlement Authorization | Inactive Customer
A60: SYN-CLM-0059 | B60: Synthetic Claimant 0059 | C60: Claims Analyst G | D60: Synthetic Policyholder 050, LLC | E60: 44994 | F60: Y | G60: 98000 | H60: Synthetic Approver 04 | I60: 46079 | J60: Y | K60: 46245 | L60: N | M60: N | P60: Y | Q60: Specialist Consultation Requested; Denied Treatment Requests; Surgery Requested | S60: N | U60: =IF(ISNUMBER(SEARCH("SURGERY",Q60&" "&R60)),"Y","N") -> Y | V60: =IF(ISNUMBER(SEARCH("MMI",Q60&" "&R60)),"Y","N") -> N | W60: =IF(ISNUMBER(SEARCH("DENIED TREATMENT",Q60&" "&R60)),"Y","N") -> Y | X60: =IF(ISNUMBER(SEARCH("SPECIALIST CONSULTATION",Q60&" "&R60)),"Y","N") -> Y | Y60: =IF(ISNUMBER(SEARCH("NON-RENEWED ACCOUNT",Q60&" "&R60)),"Y","N") -> N | Z60: =IF(ISNUMBER(SEARCH("MSA ELIGIBLE",Q60&" "&R60)),"Y","N") -> N | AA60: =COUNTIF(F60,"Y")+COUNTIF(J60,"Y")+COUNTIF(M60,"Y")+COUNTIF(P60,"Y")+COUNTIF(S60,"Y") -> 3 | AB60: =IF(AA60=5,"MAXIMUM MULTI-SIGNAL",IF(AA60=4,"HIGH MULTI-SIGNAL",IF(AA60=3,"ELEVATED MULTI-SIGNAL",IF(AA60=2,"MULTI-SIGNAL","SINGLE-SIGNAL")))) -> ELEVATED MULTI-SIGNAL | AC60: =IF(F60="Y","Settlement Authorization","")&IF(J60="Y",IF(F60="Y"," | ","")&"Open Stipulation","")&IF(M60="Y",IF(OR(F60="Y",J60="Y")," | ","")&"Pending QME","")&IF(P60="Y",IF(OR(F60="Y",J60="Y",M60="Y")," | ","")&"Automated Claim Alert","")&IF(S60="Y",IF(OR(F60="Y",J60="Y",M60="Y",P60="Y")," | ","")&"Inactive Customer","") -> Settlement Authorization | Open Stipulation | Automated Claim Alert
A61: SYN-CLM-0060 | B61: Synthetic Claimant 0060 | C61: Claims Analyst G | D61: Synthetic Policyholder 037, LLC | E61: 43272 | F61: Y | G61: 156000 | H61: Synthetic Approver 11 | I61: 44695 | J61: Y | K61: 44409 | L61: N | M61: Y | N61: 44207 | O61: Synthetic QME Evaluator 02 | P61: N | S61: N | U61: =IF(ISNUMBER(SEARCH("SURGERY",Q61&" "&R61)),"Y","N") -> N | V61: =IF(ISNUMBER(SEARCH("MMI",Q61&" "&R61)),"Y","N") -> N | W61: =IF(ISNUMBER(SEARCH("DENIED TREATMENT",Q61&" "&R61)),"Y","N") -> N | X61: =IF(ISNUMBER(SEARCH("SPECIALIST CONSULTATION",Q61&" "&R61)),"Y","N") -> N | Y61: =IF(ISNUMBER(SEARCH("NON-RENEWED ACCOUNT",Q61&" "&R61)),"Y","N") -> N | Z61: =IF(ISNUMBER(SEARCH("MSA ELIGIBLE",Q61&" "&R61)),"Y","N") -> N | AA61: =COUNTIF(F61,"Y")+COUNTIF(J61,"Y")+COUNTIF(M61,"Y")+COUNTIF(P61,"Y")+COUNTIF(S61,"Y") -> 3 | AB61: =IF(AA61=5,"MAXIMUM MULTI-SIGNAL",IF(AA61=4,"HIGH MULTI-SIGNAL",IF(AA61=3,"ELEVATED MULTI-SIGNAL",IF(AA61=2,"MULTI-SIGNAL","SINGLE-SIGNAL")))) -> ELEVATED MULTI-SIGNAL | AC61: =IF(F61="Y","Settlement Authorization","")&IF(J61="Y",IF(F61="Y"," | ","")&"Open Stipulation","")&IF(M61="Y",IF(OR(F61="Y",J61="Y")," | ","")&"Pending QME","")&IF(P61="Y",IF(OR(F61="Y",J61="Y",M61="Y")," | ","")&"Automated Claim Alert","")&IF(S61="Y",IF(OR(F61="Y",J61="Y",M61="Y",P61="Y")," | ","")&"Inactive Customer","") -> Settlement Authorization | Open Stipulation | Pending QME
A62: SYN-CLM-0061 | B62: Synthetic Claimant 0061 | C62: Claims Analyst G | D62: Synthetic Policyholder 004, LLC | E62: 44113 | F62: N | J62: N | M62: N | P62: Y | Q62: Non-Renewed Account | R62: Specialist Consultation Requested; Denied Treatment Requests | S62: N | U62: =IF(ISNUMBER(SEARCH("SURGERY",Q62&" "&R62)),"Y","N") -> N | V62: =IF(ISNUMBER(SEARCH("MMI",Q62&" "&R62)),"Y","N") -> N | W62: =IF(ISNUMBER(SEARCH("DENIED TREATMENT",Q62&" "&R62)),"Y","N") -> Y | X62: =IF(ISNUMBER(SEARCH("SPECIALIST CONSULTATION",Q62&" "&R62)),"Y","N") -> Y | Y62: =IF(ISNUMBER(SEARCH("NON-RENEWED ACCOUNT",Q62&" "&R62)),"Y","N") -> Y | Z62: =IF(ISNUMBER(SEARCH("MSA ELIGIBLE",Q62&" "&R62)),"Y","N") -> N | AA62: =COUNTIF(F62,"Y")+COUNTIF(J62,"Y")+COUNTIF(M62,"Y")+COUNTIF(P62,"Y")+COUNTIF(S62,"Y") -> 1 | AB62: =IF(AA62=5,"MAXIMUM MULTI-SIGNAL",IF(AA62=4,"HIGH MULTI-SIGNAL",IF(AA62=3,"ELEVATED MULTI-SIGNAL",IF(AA62=2,"MULTI-SIGNAL","SINGLE-SIGNAL")))) -> SINGLE-SIGNAL | AC62: =IF(F62="Y","Settlement Authorization","")&IF(J62="Y",IF(F62="Y"," | ","")&"Open Stipulation","")&IF(M62="Y",IF(OR(F62="Y",J62="Y")," | ","")&"Pending QME","")&IF(P62="Y",IF(OR(F62="Y",J62="Y",M62="Y")," | ","")&"Automated Claim Alert","")&IF(S62="Y",IF(OR(F62="Y",J62="Y",M62="Y",P62="Y")," | ","")&"Inactive Customer","") -> Automated Claim Alert
A63: SYN-CLM-0062 | B63: Synthetic Claimant 0062 | C63: Claims Analyst G | D63: Synthetic Policyholder 165, LLC | E63: 43136 | F63: N | J63: N | M63: Y | N63: 43789 | O63: Synthetic QME Evaluator 17 | P63: N | S63: N | U63: =IF(ISNUMBER(SEARCH("SURGERY",Q63&" "&R63)),"Y","N") -> N | V63: =IF(ISNUMBER(SEARCH("MMI",Q63&" "&R63)),"Y","N") -> N | W63: =IF(ISNUMBER(SEARCH("DENIED TREATMENT",Q63&" "&R63)),"Y","N") -> N | X63: =IF(ISNUMBER(SEARCH("SPECIALIST CONSULTATION",Q63&" "&R63)),"Y","N") -> N | Y63: =IF(ISNUMBER(SEARCH("NON-RENEWED ACCOUNT",Q63&" "&R63)),"Y","N") -> N | Z63: =IF(ISNUMBER(SEARCH("MSA ELIGIBLE",Q63&" "&R63)),"Y","N") -> N | AA63: =COUNTIF(F63,"Y")+COUNTIF(J63,"Y")+COUNTIF(M63,"Y")+COUNTIF(P63,"Y")+COUNTIF(S63,"Y") -> 1 | AB63: =IF(AA63=5,"MAXIMUM MULTI-SIGNAL",IF(AA63=4,"HIGH MULTI-SIGNAL",IF(AA63=3,"ELEVATED MULTI-SIGNAL",IF(AA63=2,"MULTI-SIGNAL","SINGLE-SIGNAL")))) -> SINGLE-SIGNAL | AC63: =IF(F63="Y","Settlement Authorization","")&IF(J63="Y",IF(F63="Y"," | ","")&"Open Stipulation","")&IF(M63="Y",IF(OR(F63="Y",J63="Y")," | ","")&"Pending QME","")&IF(P63="Y",IF(OR(F63="Y",J63="Y",M63="Y")," | ","")&"Automated Claim Alert","")&IF(S63="Y",IF(OR(F63="Y",J63="Y",M63="Y",P63="Y")," | ","")&"Inactive Customer","") -> Pending QME
A64: SYN-CLM-0063 | B64: Synthetic Claimant 0063 | C64: Claims Analyst G | D64: Synthetic Policyholder 132, LLC | E64: 43318 | F64: N | J64: Y | K64: 43529 | L64: N | M64: N | P64: N | S64: N | U64: =IF(ISNUMBER(SEARCH("SURGERY",Q64&" "&R64)),"Y","N") -> N | V64: =IF(ISNUMBER(SEARCH("MMI",Q64&" "&R64)),"Y","N") -> N | W64: =IF(ISNUMBER(SEARCH("DENIED TREATMENT",Q64&" "&R64)),"Y","N") -> N | X64: =IF(ISNUMBER(SEARCH("SPECIALIST CONSULTATION",Q64&" "&R64)),"Y","N") -> N | Y64: =IF(ISNUMBER(SEARCH("NON-RENEWED ACCOUNT",Q64&" "&R64)),"Y","N") -> N | Z64: =IF(ISNUMBER(SEARCH("MSA ELIGIBLE",Q64&" "&R64)),"Y","N") -> N | AA64: =COUNTIF(F64,"Y")+COUNTIF(J64,"Y")+COUNTIF(M64,"Y")+COUNTIF(P64,"Y")+COUNTIF(S64,"Y") -> 1 | AB64: =IF(AA64=5,"MAXIMUM MULTI-SIGNAL",IF(AA64=4,"HIGH MULTI-SIGNAL",IF(AA64=3,"ELEVATED MULTI-SIGNAL",IF(AA64=2,"MULTI-SIGNAL","SINGLE-SIGNAL")))) -> SINGLE-SIGNAL | AC64: =IF(F64="Y","Settlement Authorization","")&IF(J64="Y",IF(F64="Y"," | ","")&"Open Stipulation","")&IF(M64="Y",IF(OR(F64="Y",J64="Y")," | ","")&"Pending QME","")&IF(P64="Y",IF(OR(F64="Y",J64="Y",M64="Y")," | ","")&"Automated Claim Alert","")&IF(S64="Y",IF(OR(F64="Y",J64="Y",M64="Y",P64="Y")," | ","")&"Inactive Customer","") -> Open Stipulation
A65: SYN-CLM-0064 | B65: Synthetic Claimant 0064 | C65: Claims Analyst I | D65: Synthetic Policyholder 159, LLC | E65: 43511 | F65: N | J65: N | M65: Y | N65: 45306 | O65: Synthetic QME Evaluator 23 | P65: N | S65: N | U65: =IF(ISNUMBER(SEARCH("SURGERY",Q65&" "&R65)),"Y","N") -> N | V65: =IF(ISNUMBER(SEARCH("MMI",Q65&" "&R65)),"Y","N") -> N | W65: =IF(ISNUMBER(SEARCH("DENIED TREATMENT",Q65&" "&R65)),"Y","N") -> N | X65: =IF(ISNUMBER(SEARCH("SPECIALIST CONSULTATION",Q65&" "&R65)),"Y","N") -> N | Y65: =IF(ISNUMBER(SEARCH("NON-RENEWED ACCOUNT",Q65&" "&R65)),"Y","N") -> N | Z65: =IF(ISNUMBER(SEARCH("MSA ELIGIBLE",Q65&" "&R65)),"Y","N") -> N | AA65: =COUNTIF(F65,"Y")+COUNTIF(J65,"Y")+COUNTIF(M65,"Y")+COUNTIF(P65,"Y")+COUNTIF(S65,"Y") -> 1 | AB65: =IF(AA65=5,"MAXIMUM MULTI-SIGNAL",IF(AA65=4,"HIGH MULTI-SIGNAL",IF(AA65=3,"ELEVATED MULTI-SIGNAL",IF(AA65=2,"MULTI-SIGNAL","SINGLE-SIGNAL")))) -> SINGLE-SIGNAL | AC65: =IF(F65="Y","Settlement Authorization","")&IF(J65="Y",IF(F65="Y"," | ","")&"Open Stipulation","")&IF(M65="Y",IF(OR(F65="Y",J65="Y")," | ","")&"Pending QME","")&IF(P65="Y",IF(OR(F65="Y",J65="Y",M65="Y")," | ","")&"Automated Claim Alert","")&IF(S65="Y",IF(OR(F65="Y",J65="Y",M65="Y",P65="Y")," | ","")&"Inactive Customer","") -> Pending QME
A66: SYN-CLM-0065 | B66: Synthetic Claimant 0065 | C66: Claims Analyst I | D66: Synthetic Policyholder 057, LLC | E66: 43863 | F66: Y | G66: 157000 | H66: Synthetic Approver 01 | I66: 44639 | J66: N | L66: Y | M66: N | P66: N | S66: N | U66: =IF(ISNUMBER(SEARCH("SURGERY",Q66&" "&R66)),"Y","N") -> N | V66: =IF(ISNUMBER(SEARCH("MMI",Q66&" "&R66)),"Y","N") -> N | W66: =IF(ISNUMBER(SEARCH("DENIED TREATMENT",Q66&" "&R66)),"Y","N") -> N | X66: =IF(ISNUMBER(SEARCH("SPECIALIST CONSULTATION",Q66&" "&R66)),"Y","N") -> N | Y66: =IF(ISNUMBER(SEARCH("NON-RENEWED ACCOUNT",Q66&" "&R66)),"Y","N") -> N | Z66: =IF(ISNUMBER(SEARCH("MSA ELIGIBLE",Q66&" "&R66)),"Y","N") -> N | AA66: =COUNTIF(F66,"Y")+COUNTIF(J66,"Y")+COUNTIF(M66,"Y")+COUNTIF(P66,"Y")+COUNTIF(S66,"Y") -> 1 | AB66: =IF(AA66=5,"MAXIMUM MULTI-SIGNAL",IF(AA66=4,"HIGH MULTI-SIGNAL",IF(AA66=3,"ELEVATED MULTI-SIGNAL",IF(AA66=2,"MULTI-SIGNAL","SINGLE-SIGNAL")))) -> SINGLE-SIGNAL | AC66: =IF(F66="Y","Settlement Authorization","")&IF(J66="Y",IF(F66="Y"," | ","")&"Open Stipulation","")&IF(M66="Y",IF(OR(F66="Y",J66="Y")," | ","")&"Pending QME","")&IF(P66="Y",IF(OR(F66="Y",J66="Y",M66="Y")," | ","")&"Automated Claim Alert","")&IF(S66="Y",IF(OR(F66="Y",J66="Y",M66="Y",P66="Y")," | ","")&"Inactive Customer","") -> Settlement Authorization
A67: SYN-CLM-0066 | B67: Synthetic Claimant 0066 | C67: Claims Analyst I | D67: Synthetic Policyholder 092, LLC | E67: 44951 | F67: Y | G67: 125500 | H67: Synthetic Approver 10 | I67: 46288 | J67: N | L67: N | M67: N | P67: Y | Q67: Non-Renewed Account; Denied Treatment Requests; MMI Date Reported | R67: Surgery Requested; MSA Eligible in Next 3 Years | S67: Y | T67: 46316 | U67: =IF(ISNUMBER(SEARCH("SURGERY",Q67&" "&R67)),"Y","N") -> Y | V67: =IF(ISNUMBER(SEARCH("MMI",Q67&" "&R67)),"Y","N") -> Y | W67: =IF(ISNUMBER(SEARCH("DENIED TREATMENT",Q67&" "&R67)),"Y","N") -> Y | X67: =IF(ISNUMBER(SEARCH("SPECIALIST CONSULTATION",Q67&" "&R67)),"Y","N") -> N | Y67: =IF(ISNUMBER(SEARCH("NON-RENEWED ACCOUNT",Q67&" "&R67)),"Y","N") -> Y | Z67: =IF(ISNUMBER(SEARCH("MSA ELIGIBLE",Q67&" "&R67)),"Y","N") -> Y | AA67: =COUNTIF(F67,"Y")+COUNTIF(J67,"Y")+COUNTIF(M67,"Y")+COUNTIF(P67,"Y")+COUNTIF(S67,"Y") -> 3 | AB67: =IF(AA67=5,"MAXIMUM MULTI-SIGNAL",IF(AA67=4,"HIGH MULTI-SIGNAL",IF(AA67=3,"ELEVATED MULTI-SIGNAL",IF(AA67=2,"MULTI-SIGNAL","SINGLE-SIGNAL")))) -> ELEVATED MULTI-SIGNAL | AC67: =IF(F67="Y","Settlement Authorization","")&IF(J67="Y",IF(F67="Y"," | ","")&"Open Stipulation","")&IF(M67="Y",IF(OR(F67="Y",J67="Y")," | ","")&"Pending QME","")&IF(P67="Y",IF(OR(F67="Y",J67="Y",M67="Y")," | ","")&"Automated Claim Alert","")&IF(S67="Y",IF(OR(F67="Y",J67="Y",M67="Y",P67="Y")," | ","")&"Inactive Customer","") -> Settlement Authorization | Automated Claim Alert | Inactive Customer
A68: SYN-CLM-0067 | B68: Synthetic Claimant 0067 | C68: Claims Analyst I | D68: Synthetic Policyholder 104, LLC | E68: 44185 | F68: Y | G68: 49000 | H68: Synthetic Approver 01 | I68: 45185 | J68: N | L68: N | M68: N | P68: N | S68: N | U68: =IF(ISNUMBER(SEARCH("SURGERY",Q68&" "&R68)),"Y","N") -> N | V68: =IF(ISNUMBER(SEARCH("MMI",Q68&" "&R68)),"Y","N") -> N | W68: =IF(ISNUMBER(SEARCH("DENIED TREATMENT",Q68&" "&R68)),"Y","N") -> N | X68: =IF(ISNUMBER(SEARCH("SPECIALIST CONSULTATION",Q68&" "&R68)),"Y","N") -> N | Y68: =IF(ISNUMBER(SEARCH("NON-RENEWED ACCOUNT",Q68&" "&R68)),"Y","N") -> N | Z68: =IF(ISNUMBER(SEARCH("MSA ELIGIBLE",Q68&" "&R68)),"Y","N") -> N | AA68: =COUNTIF(F68,"Y")+COUNTIF(J68,"Y")+COUNTIF(M68,"Y")+COUNTIF(P68,"Y")+COUNTIF(S68,"Y") -> 1 | AB68: =IF(AA68=5,"MAXIMUM MULTI-SIGNAL",IF(AA68=4,"HIGH MULTI-SIGNAL",IF(AA68=3,"ELEVATED MULTI-SIGNAL",IF(AA68=2,"MULTI-SIGNAL","SINGLE-SIGNAL")))) -> SINGLE-SIGNAL | AC68: =IF(F68="Y","Settlement Authorization","")&IF(J68="Y",IF(F68="Y"," | ","")&"Open Stipulation","")&IF(M68="Y",IF(OR(F68="Y",J68="Y")," | ","")&"Pending QME","")&IF(P68="Y",IF(OR(F68="Y",J68="Y",M68="Y")," | ","")&"Automated Claim Alert","")&IF(S68="Y",IF(OR(F68="Y",J68="Y",M68="Y",P68="Y")," | ","")&"Inactive Customer","") -> Settlement Authorization
A69: SYN-CLM-0068 | B69: Synthetic Claimant 0068 | C69: Claims Analyst I | D69: Synthetic Policyholder 094, LLC | E69: 44248 | F69: Y | G69: 114000 | H69: Synthetic Approver 11 | I69: 44468 | J69: N | L69: N | M69: N | P69: N | S69: N | U69: =IF(ISNUMBER(SEARCH("SURGERY",Q69&" "&R69)),"Y","N") -> N | V69: =IF(ISNUMBER(SEARCH("MMI",Q69&" "&R69)),"Y","N") -> N | W69: =IF(ISNUMBER(SEARCH("DENIED TREATMENT",Q69&" "&R69)),"Y","N") -> N | X69: =IF(ISNUMBER(SEARCH("SPECIALIST CONSULTATION",Q69&" "&R69)),"Y","N") -> N | Y69: =IF(ISNUMBER(SEARCH("NON-RENEWED ACCOUNT",Q69&" "&R69)),"Y","N") -> N | Z69: =IF(ISNUMBER(SEARCH("MSA ELIGIBLE",Q69&" "&R69)),"Y","N") -> N | AA69: =COUNTIF(F69,"Y")+COUNTIF(J69,"Y")+COUNTIF(M69,"Y")+COUNTIF(P69,"Y")+COUNTIF(S69,"Y") -> 1 | AB69: =IF(AA69=5,"MAXIMUM MULTI-SIGNAL",IF(AA69=4,"HIGH MULTI-SIGNAL",IF(AA69=3,"ELEVATED MULTI-SIGNAL",IF(AA69=2,"MULTI-SIGNAL","SINGLE-SIGNAL")))) -> SINGLE-SIGNAL | AC69: =IF(F69="Y","Settlement Authorization","")&IF(J69="Y",IF(F69="Y"," | ","")&"Open Stipulation","")&IF(M69="Y",IF(OR(F69="Y",J69="Y")," | ","")&"Pending QME","")&IF(P69="Y",IF(OR(F69="Y",J69="Y",M69="Y")," | ","")&"Automated Claim Alert","")&IF(S69="Y",IF(OR(F69="Y",J69="Y",M69="Y",P69="Y")," | ","")&"Inactive Customer","") -> Settlement Authorization
A70: SYN-CLM-0069 | B70: Synthetic Claimant 0069 | C70: Claims Analyst I | D70: Synthetic Policyholder 139, LLC | E70: 43531 | F70: Y | G70: 112250 | H70: Synthetic Approver 09 | I70: 45017 | J70: Y | K70: 43884 | L70: Y | M70: Y | N70: 44155 | O70: Synthetic QME Evaluator 07 | P70: N | S70: Y | T70: 45232 | U70: =IF(ISNUMBER(SEARCH("SURGERY",Q70&" "&R70)),"Y","N") -> N | V70: =IF(ISNUMBER(SEARCH("MMI",Q70&" "&R70)),"Y","N") -> N | W70: =IF(ISNUMBER(SEARCH("DENIED TREATMENT",Q70&" "&R70)),"Y","N") -> N | X70: =IF(ISNUMBER(SEARCH("SPECIALIST CONSULTATION",Q70&" "&R70)),"Y","N") -> N | Y70: =IF(ISNUMBER(SEARCH("NON-RENEWED ACCOUNT",Q70&" "&R70)),"Y","N") -> N | Z70: =IF(ISNUMBER(SEARCH("MSA ELIGIBLE",Q70&" "&R70)),"Y","N") -> N | AA70: =COUNTIF(F70,"Y")+COUNTIF(J70,"Y")+COUNTIF(M70,"Y")+COUNTIF(P70,"Y")+COUNTIF(S70,"Y") -> 4 | AB70: =IF(AA70=5,"MAXIMUM MULTI-SIGNAL",IF(AA70=4,"HIGH MULTI-SIGNAL",IF(AA70=3,"ELEVATED MULTI-SIGNAL",IF(AA70=2,"MULTI-SIGNAL","SINGLE-SIGNAL")))) -> HIGH MULTI-SIGNAL | AC70: =IF(F70="Y","Settlement Authorization","")&IF(J70="Y",IF(F70="Y"," | ","")&"Open Stipulation","")&IF(M70="Y",IF(OR(F70="Y",J70="Y")," | ","")&"Pending QME","")&IF(P70="Y",IF(OR(F70="Y",J70="Y",M70="Y")," | ","")&"Automated Claim Alert","")&IF(S70="Y",IF(OR(F70="Y",J70="Y",M70="Y",P70="Y")," | ","")&"Inactive Customer","") -> Settlement Authorization | Open Stipulation | Pending QME | Inactive Customer
A71: SYN-CLM-0070 | B71: Synthetic Claimant 0070 | C71: Claims Analyst I | D71: Synthetic Policyholder 175, LLC | E71: 43988 | F71: N | J71: N | M71: N | P71: N | S71: Y | T71: 45079 | U71: =IF(ISNUMBER(SEARCH("SURGERY",Q71&" "&R71)),"Y","N") -> N | V71: =IF(ISNUMBER(SEARCH("MMI",Q71&" "&R71)),"Y","N") -> N | W71: =IF(ISNUMBER(SEARCH("DENIED TREATMENT",Q71&" "&R71)),"Y","N") -> N | X71: =IF(ISNUMBER(SEARCH("SPECIALIST CONSULTATION",Q71&" "&R71)),"Y","N") -> N | Y71: =IF(ISNUMBER(SEARCH("NON-RENEWED ACCOUNT",Q71&" "&R71)),"Y","N") -> N | Z71: =IF(ISNUMBER(SEARCH("MSA ELIGIBLE",Q71&" "&R71)),"Y","N") -> N | AA71: =COUNTIF(F71,"Y")+COUNTIF(J71,"Y")+COUNTIF(M71,"Y")+COUNTIF(P71,"Y")+COUNTIF(S71,"Y") -> 1 | AB71: =IF(AA71=5,"MAXIMUM MULTI-SIGNAL",IF(AA71=4,"HIGH MULTI-SIGNAL",IF(AA71=3,"ELEVATED MULTI-SIGNAL",IF(AA71=2,"MULTI-SIGNAL","SINGLE-SIGNAL")))) -> SINGLE-SIGNAL | AC71: =IF(F71="Y","Settlement Authorization","")&IF(J71="Y",IF(F71="Y"," | ","")&"Open Stipulation","")&IF(M71="Y",IF(OR(F71="Y",J71="Y")," | ","")&"Pending QME","")&IF(P71="Y",IF(OR(F71="Y",J71="Y",M71="Y")," | ","")&"Automated Claim Alert","")&IF(S71="Y",IF(OR(F71="Y",J71="Y",M71="Y",P71="Y")," | ","")&"Inactive Customer","") -> Inactive Customer
A72: SYN-CLM-0071 | B72: Synthetic Claimant 0071 | C72: Claims Analyst I | D72: Synthetic Policyholder 126, LLC | E72: 43272 | F72: Y | G72: 20500 | H72: Synthetic Approver 09 | I72: 43430 | J72: N | L72: N | M72: N | P72: N | S72: Y | T72: 44930 | U72: =IF(ISNUMBER(SEARCH("SURGERY",Q72&" "&R72)),"Y","N") -> N | V72: =IF(ISNUMBER(SEARCH("MMI",Q72&" "&R72)),"Y","N") -> N | W72: =IF(ISNUMBER(SEARCH("DENIED TREATMENT",Q72&" "&R72)),"Y","N") -> N | X72: =IF(ISNUMBER(SEARCH("SPECIALIST CONSULTATION",Q72&" "&R72)),"Y","N") -> N | Y72: =IF(ISNUMBER(SEARCH("NON-RENEWED ACCOUNT",Q72&" "&R72)),"Y","N") -> N | Z72: =IF(ISNUMBER(SEARCH("MSA ELIGIBLE",Q72&" "&R72)),"Y","N") -> N | AA72: =COUNTIF(F72,"Y")+COUNTIF(J72,"Y")+COUNTIF(M72,"Y")+COUNTIF(P72,"Y")+COUNTIF(S72,"Y") -> 2 | AB72: =IF(AA72=5,"MAXIMUM MULTI-SIGNAL",IF(AA72=4,"HIGH MULTI-SIGNAL",IF(AA72=3,"ELEVATED MULTI-SIGNAL",IF(AA72=2,"MULTI-SIGNAL","SINGLE-SIGNAL")))) -> MULTI-SIGNAL | AC72: =IF(F72="Y","Settlement Authorization","")&IF(J72="Y",IF(F72="Y"," | ","")&"Open Stipulation","")&IF(M72="Y",IF(OR(F72="Y",J72="Y")," | ","")&"Pending QME","")&IF(P72="Y",IF(OR(F72="Y",J72="Y",M72="Y")," | ","")&"Automated Claim Alert","")&IF(S72="Y",IF(OR(F72="Y",J72="Y",M72="Y",P72="Y")," | ","")&"Inactive Customer","") -> Settlement Authorization | Inactive Customer
A73: SYN-CLM-0072 | B73: Synthetic Claimant 0072 | C73: Claims Analyst J | D73: Synthetic Policyholder 138, LLC | E73: 45270 | F73: Y | G73: 125250 | H73: Synthetic Approver 07 | I73: 45944 | J73: N | L73: Y | M73: N | P73: N | S73: N | U73: =IF(ISNUMBER(SEARCH("SURGERY",Q73&" "&R73)),"Y","N") -> N | V73: =IF(ISNUMBER(SEARCH("MMI",Q73&" "&R73)),"Y","N") -> N | W73: =IF(ISNUMBER(SEARCH("DENIED TREATMENT",Q73&" "&R73)),"Y","N") -> N | X73: =IF(ISNUMBER(SEARCH("SPECIALIST CONSULTATION",Q73&" "&R73)),"Y","N") -> N | Y73: =IF(ISNUMBER(SEARCH("NON-RENEWED ACCOUNT",Q73&" "&R73)),"Y","N") -> N | Z73: =IF(ISNUMBER(SEARCH("MSA ELIGIBLE",Q73&" "&R73)),"Y","N") -> N | AA73: =COUNTIF(F73,"Y")+COUNTIF(J73,"Y")+COUNTIF(M73,"Y")+COUNTIF(P73,"Y")+COUNTIF(S73,"Y") -> 1 | AB73: =IF(AA73=5,"MAXIMUM MULTI-SIGNAL",IF(AA73=4,"HIGH MULTI-SIGNAL",IF(AA73=3,"ELEVATED MULTI-SIGNAL",IF(AA73=2,"MULTI-SIGNAL","SINGLE-SIGNAL")))) -> SINGLE-SIGNAL | AC73: =IF(F73="Y","Settlement Authorization","")&IF(J73="Y",IF(F73="Y"," | ","")&"Open Stipulation","")&IF(M73="Y",IF(OR(F73="Y",J73="Y")," | ","")&"Pending QME","")&IF(P73="Y",IF(OR(F73="Y",J73="Y",M73="Y")," | ","")&"Automated Claim Alert","")&IF(S73="Y",IF(OR(F73="Y",J73="Y",M73="Y",P73="Y")," | ","")&"Inactive Customer","") -> Settlement Authorization
A74: SYN-CLM-0073 | B74: Synthetic Claimant 0073 | C74: Claims Analyst J | D74: Synthetic Policyholder 058, LLC | E74: 43364 | F74: Y | G74: 10750 | H74: Synthetic Approver 12 | I74: 45144 | J74: N | L74: N | M74: N | P74: Y | Q74: MMI Date Reported | R74: MSA Eligible in Next 3 Years; Denied Treatment Requests | S74: N | U74: =IF(ISNUMBER(SEARCH("SURGERY",Q74&" "&R74)),"Y","N") -> N | V74: =IF(ISNUMBER(SEARCH("MMI",Q74&" "&R74)),"Y","N") -> Y | W74: =IF(ISNUMBER(SEARCH("DENIED TREATMENT",Q74&" "&R74)),"Y","N") -> Y | X74: =IF(ISNUMBER(SEARCH("SPECIALIST CONSULTATION",Q74&" "&R74)),"Y","N") -> N | Y74: =IF(ISNUMBER(SEARCH("NON-RENEWED ACCOUNT",Q74&" "&R74)),"Y","N") -> N | Z74: =IF(ISNUMBER(SEARCH("MSA ELIGIBLE",Q74&" "&R74)),"Y","N") -> Y | AA74: =COUNTIF(F74,"Y")+COUNTIF(J74,"Y")+COUNTIF(M74,"Y")+COUNTIF(P74,"Y")+COUNTIF(S74,"Y") -> 2 | AB74: =IF(AA74=5,"MAXIMUM MULTI-SIGNAL",IF(AA74=4,"HIGH MULTI-SIGNAL",IF(AA74=3,"ELEVATED MULTI-SIGNAL",IF(AA74=2,"MULTI-SIGNAL","SINGLE-SIGNAL")))) -> MULTI-SIGNAL | AC74: =IF(F74="Y","Settlement Authorization","")&IF(J74="Y",IF(F74="Y"," | ","")&"Open Stipulation","")&IF(M74="Y",IF(OR(F74="Y",J74="Y")," | ","")&"Pending QME","")&IF(P74="Y",IF(OR(F74="Y",J74="Y",M74="Y")," | ","")&"Automated Claim Alert","")&IF(S74="Y",IF(OR(F74="Y",J74="Y",M74="Y",P74="Y")," | ","")&"Inactive Customer","") -> Settlement Authorization | Automated Claim Alert
A75: SYN-CLM-0074 | B75: Synthetic Claimant 0074 | C75: Claims Analyst J | D75: Synthetic Policyholder 172, LLC | E75: 45976 | F75: Y | G75: 112750 | H75: Synthetic Approver 08 | I75: 47358 | J75: Y | K75: 46730 | L75: Y | M75: N | P75: Y | Q75: Specialist Consultation Requested | R75: MSA Eligible in Next 3 Years | S75: Y | T75: 46653 | U75: =IF(ISNUMBER(SEARCH("SURGERY",Q75&" "&R75)),"Y","N") -> N | V75: =IF(ISNUMBER(SEARCH("MMI",Q75&" "&R75)),"Y","N") -> N | W75: =IF(ISNUMBER(SEARCH("DENIED TREATMENT",Q75&" "&R75)),"Y","N") -> N | X75: =IF(ISNUMBER(SEARCH("SPECIALIST CONSULTATION",Q75&" "&R75)),"Y","N") -> Y | Y75: =IF(ISNUMBER(SEARCH("NON-RENEWED ACCOUNT",Q75&" "&R75)),"Y","N") -> N | Z75: =IF(ISNUMBER(SEARCH("MSA ELIGIBLE",Q75&" "&R75)),"Y","N") -> Y | AA75: =COUNTIF(F75,"Y")+COUNTIF(J75,"Y")+COUNTIF(M75,"Y")+COUNTIF(P75,"Y")+COUNTIF(S75,"Y") -> 4 | AB75: =IF(AA75=5,"MAXIMUM MULTI-SIGNAL",IF(AA75=4,"HIGH MULTI-SIGNAL",IF(AA75=3,"ELEVATED MULTI-SIGNAL",IF(AA75=2,"MULTI-SIGNAL","SINGLE-SIGNAL")))) -> HIGH MULTI-SIGNAL | AC75: =IF(F75="Y","Settlement Authorization","")&IF(J75="Y",IF(F75="Y"," | ","")&"Open Stipulation","")&IF(M75="Y",IF(OR(F75="Y",J75="Y")," | ","")&"Pending QME","")&IF(P75="Y",IF(OR(F75="Y",J75="Y",M75="Y")," | ","")&"Automated Claim Alert","")&IF(S75="Y",IF(OR(F75="Y",J75="Y",M75="Y",P75="Y")," | ","")&"Inactive Customer","") -> Settlement Authorization | Open Stipulation | Automated Claim Alert | Inactive Customer
A76: SYN-CLM-0075 | B76: Synthetic Claimant 0075 | C76: Claims Analyst J | D76: Synthetic Policyholder 090, LLC | E76: 44771 | F76: Y | G76: 11500 | H76: Synthetic Approver 07 | I76: 45674 | J76: N | L76: N | M76: N | P76: Y | Q76: Denied Treatment Requests | R76: MMI Date Reported | S76: N | U76: =IF(ISNUMBER(SEARCH("SURGERY",Q76&" "&R76)),"Y","N") -> N | V76: =IF(ISNUMBER(SEARCH("MMI",Q76&" "&R76)),"Y","N") -> Y | W76: =IF(ISNUMBER(SEARCH("DENIED TREATMENT",Q76&" "&R76)),"Y","N") -> Y | X76: =IF(ISNUMBER(SEARCH("SPECIALIST CONSULTATION",Q76&" "&R76)),"Y","N") -> N | Y76: =IF(ISNUMBER(SEARCH("NON-RENEWED ACCOUNT",Q76&" "&R76)),"Y","N") -> N | Z76: =IF(ISNUMBER(SEARCH("MSA ELIGIBLE",Q76&" "&R76)),"Y","N") -> N | AA76: =COUNTIF(F76,"Y")+COUNTIF(J76,"Y")+COUNTIF(M76,"Y")+COUNTIF(P76,"Y")+COUNTIF(S76,"Y") -> 2 | AB76: =IF(AA76=5,"MAXIMUM MULTI-SIGNAL",IF(AA76=4,"HIGH MULTI-SIGNAL",IF(AA76=3,"ELEVATED MULTI-SIGNAL",IF(AA76=2,"MULTI-SIGNAL","SINGLE-SIGNAL")))) -> MULTI-SIGNAL | AC76: =IF(F76="Y","Settlement Authorization","")&IF(J76="Y",IF(F76="Y"," | ","")&"Open Stipulation","")&IF(M76="Y",IF(OR(F76="Y",J76="Y")," | ","")&"Pending QME","")&IF(P76="Y",IF(OR(F76="Y",J76="Y",M76="Y")," | ","")&"Automated Claim Alert","")&IF(S76="Y",IF(OR(F76="Y",J76="Y",M76="Y",P76="Y")," | ","")&"Inactive Customer","") -> Settlement Authorization | Automated Claim Alert
A77: SYN-CLM-0076 | B77: Synthetic Claimant 0076 | C77: Claims Analyst J | D77: Synthetic Policyholder 059, LLC | E77: 45225 | F77: N | J77: N | M77: N | P77: N | S77: Y | T77: 47134 | U77: =IF(ISNUMBER(SEARCH("SURGERY",Q77&" "&R77)),"Y","N") -> N | V77: =IF(ISNUMBER(SEARCH("MMI",Q77&" "&R77)),"Y","N") -> N | W77: =IF(ISNUMBER(SEARCH("DENIED TREATMENT",Q77&" "&R77)),"Y","N") -> N | X77: =IF(ISNUMBER(SEARCH("SPECIALIST CONSULTATION",Q77&" "&R77)),"Y","N") -> N | Y77: =IF(ISNUMBER(SEARCH("NON-RENEWED ACCOUNT",Q77&" "&R77)),"Y","N") -> N | Z77: =IF(ISNUMBER(SEARCH("MSA ELIGIBLE",Q77&" "&R77)),"Y","N") -> N | AA77: =COUNTIF(F77,"Y")+COUNTIF(J77,"Y")+COUNTIF(M77,"Y")+COUNTIF(P77,"Y")+COUNTIF(S77,"Y") -> 1 | AB77: =IF(AA77=5,"MAXIMUM MULTI-SIGNAL",IF(AA77=4,"HIGH MULTI-SIGNAL",IF(AA77=3,"ELEVATED MULTI-SIGNAL",IF(AA77=2,"MULTI-SIGNAL","SINGLE-SIGNAL")))) -> SINGLE-SIGNAL | AC77: =IF(F77="Y","Settlement Authorization","")&IF(J77="Y",IF(F77="Y"," | ","")&"Open Stipulation","")&IF(M77="Y",IF(OR(F77="Y",J77="Y")," | ","")&"Pending QME","")&IF(P77="Y",IF(OR(F77="Y",J77="Y",M77="Y")," | ","")&"Automated Claim Alert","")&IF(S77="Y",IF(OR(F77="Y",J77="Y",M77="Y",P77="Y")," | ","")&"Inactive Customer","") -> Inactive Customer
A78: SYN-CLM-0077 | B78: Synthetic Claimant 0077 | C78: Claims Analyst J | D78: Synthetic Policyholder 044, LLC | E78: 45090 | F78: Y | G78: 95250 | H78: Synthetic Approver 09 | I78: 46835 | J78: N | L78: Y | M78: Y | N78: 45972 | O78: Synthetic QME Evaluator 13 | P78: N | S78: N | U78: =IF(ISNUMBER(SEARCH("SURGERY",Q78&" "&R78)),"Y","N") -> N | V78: =IF(ISNUMBER(SEARCH("MMI",Q78&" "&R78)),"Y","N") -> N | W78: =IF(ISNUMBER(SEARCH("DENIED TREATMENT",Q78&" "&R78)),"Y","N") -> N | X78: =IF(ISNUMBER(SEARCH("SPECIALIST CONSULTATION",Q78&" "&R78)),"Y","N") -> N | Y78: =IF(ISNUMBER(SEARCH("NON-RENEWED ACCOUNT",Q78&" "&R78)),"Y","N") -> N | Z78: =IF(ISNUMBER(SEARCH("MSA ELIGIBLE",Q78&" "&R78)),"Y","N") -> N | AA78: =COUNTIF(F78,"Y")+COUNTIF(J78,"Y")+COUNTIF(M78,"Y")+COUNTIF(P78,"Y")+COUNTIF(S78,"Y") -> 2 | AB78: =IF(AA78=5,"MAXIMUM MULTI-SIGNAL",IF(AA78=4,"HIGH MULTI-SIGNAL",IF(AA78=3,"ELEVATED MULTI-SIGNAL",IF(AA78=2,"MULTI-SIGNAL","SINGLE-SIGNAL")))) -> MULTI-SIGNAL | AC78: =IF(F78="Y","Settlement Authorization","")&IF(J78="Y",IF(F78="Y"," | ","")&"Open Stipulation","")&IF(M78="Y",IF(OR(F78="Y",J78="Y")," | ","")&"Pending QME","")&IF(P78="Y",IF(OR(F78="Y",J78="Y",M78="Y")," | ","")&"Automated Claim Alert","")&IF(S78="Y",IF(OR(F78="Y",J78="Y",M78="Y",P78="Y")," | ","")&"Inactive Customer","") -> Settlement Authorization | Pending QME
A79: SYN-CLM-0078 | B79: Synthetic Claimant 0078 | C79: Claims Analyst K | D79: Synthetic Policyholder 132, LLC | E79: 44607 | F79: Y | G79: 82000 | H79: Synthetic Approver 08 | I79: 45179 | J79: N | L79: Y | M79: N | P79: N | S79: N | U79: =IF(ISNUMBER(SEARCH("SURGERY",Q79&" "&R79)),"Y","N") -> N | V79: =IF(ISNUMBER(SEARCH("MMI",Q79&" "&R79)),"Y","N") -> N | W79: =IF(ISNUMBER(SEARCH("DENIED TREATMENT",Q79&" "&R79)),"Y","N") -> N | X79: =IF(ISNUMBER(SEARCH("SPECIALIST CONSULTATION",Q79&" "&R79)),"Y","N") -> N | Y79: =IF(ISNUMBER(SEARCH("NON-RENEWED ACCOUNT",Q79&" "&R79)),"Y","N") -> N | Z79: =IF(ISNUMBER(SEARCH("MSA ELIGIBLE",Q79&" "&R79)),"Y","N") -> N | AA79: =COUNTIF(F79,"Y")+COUNTIF(J79,"Y")+COUNTIF(M79,"Y")+COUNTIF(P79,"Y")+COUNTIF(S79,"Y") -> 1 | AB79: =IF(AA79=5,"MAXIMUM MULTI-SIGNAL",IF(AA79=4,"HIGH MULTI-SIGNAL",IF(AA79=3,"ELEVATED MULTI-SIGNAL",IF(AA79=2,"MULTI-SIGNAL","SINGLE-SIGNAL")))) -> SINGLE-SIGNAL | AC79: =IF(F79="Y","Settlement Authorization","")&IF(J79="Y",IF(F79="Y"," | ","")&"Open Stipulation","")&IF(M79="Y",IF(OR(F79="Y",J79="Y")," | ","")&"Pending QME","")&IF(P79="Y",IF(OR(F79="Y",J79="Y",M79="Y")," | ","")&"Automated Claim Alert","")&IF(S79="Y",IF(OR(F79="Y",J79="Y",M79="Y",P79="Y")," | ","")&"Inactive Customer","") -> Settlement Authorization
A80: SYN-CLM-0079 | B80: Synthetic Claimant 0079 | C80: Claims Analyst K | D80: Synthetic Policyholder 117, LLC | E80: 43225 | F80: Y | G80: 39500 | H80: Synthetic Approver 04 | I80: 44087 | J80: N | L80: N | M80: N | P80: Y | Q80: Non-Renewed Account; Surgery Requested; Specialist Consultation Requested | R80: MMI Date Reported | S80: Y | T80: 44832 | U80: =IF(ISNUMBER(SEARCH("SURGERY",Q80&" "&R80)),"Y","N") -> Y | V80: =IF(ISNUMBER(SEARCH("MMI",Q80&" "&R80)),"Y","N") -> Y | W80: =IF(ISNUMBER(SEARCH("DENIED TREATMENT",Q80&" "&R80)),"Y","N") -> N | X80: =IF(ISNUMBER(SEARCH("SPECIALIST CONSULTATION",Q80&" "&R80)),"Y","N") -> Y | Y80: =IF(ISNUMBER(SEARCH("NON-RENEWED ACCOUNT",Q80&" "&R80)),"Y","N") -> Y | Z80: =IF(ISNUMBER(SEARCH("MSA ELIGIBLE",Q80&" "&R80)),"Y","N") -> N | AA80: =COUNTIF(F80,"Y")+COUNTIF(J80,"Y")+COUNTIF(M80,"Y")+COUNTIF(P80,"Y")+COUNTIF(S80,"Y") -> 3 | AB80: =IF(AA80=5,"MAXIMUM MULTI-SIGNAL",IF(AA80=4,"HIGH MULTI-SIGNAL",IF(AA80=3,"ELEVATED MULTI-SIGNAL",IF(AA80=2,"MULTI-SIGNAL","SINGLE-SIGNAL")))) -> ELEVATED MULTI-SIGNAL | AC80: =IF(F80="Y","Settlement Authorization","")&IF(J80="Y",IF(F80="Y"," | ","")&"Open Stipulation","")&IF(M80="Y",IF(OR(F80="Y",J80="Y")," | ","")&"Pending QME","")&IF(P80="Y",IF(OR(F80="Y",J80="Y",M80="Y")," | ","")&"Automated Claim Alert","")&IF(S80="Y",IF(OR(F80="Y",J80="Y",M80="Y",P80="Y")," | ","")&"Inactive Customer","") -> Settlement Authorization | Automated Claim Alert | Inactive Customer
A81: SYN-CLM-0080 | B81: Synthetic Claimant 0080 | C81: Claims Analyst K | D81: Synthetic Policyholder 035, LLC | E81: 45188 | F81: N | J81: N | M81: N | P81: Y | Q81: Non-Renewed Account; MSA Eligible in Next 3 Years | S81: N | U81: =IF(ISNUMBER(SEARCH("SURGERY",Q81&" "&R81)),"Y","N") -> N | V81: =IF(ISNUMBER(SEARCH("MMI",Q81&" "&R81)),"Y","N") -> N | W81: =IF(ISNUMBER(SEARCH("DENIED TREATMENT",Q81&" "&R81)),"Y","N") -> N | X81: =IF(ISNUMBER(SEARCH("SPECIALIST CONSULTATION",Q81&" "&R81)),"Y","N") -> N | Y81: =IF(ISNUMBER(SEARCH("NON-RENEWED ACCOUNT",Q81&" "&R81)),"Y","N") -> Y | Z81: =IF(ISNUMBER(SEARCH("MSA ELIGIBLE",Q81&" "&R81)),"Y","N") -> Y | AA81: =COUNTIF(F81,"Y")+COUNTIF(J81,"Y")+COUNTIF(M81,"Y")+COUNTIF(P81,"Y")+COUNTIF(S81,"Y") -> 1 | AB81: =IF(AA81=5,"MAXIMUM MULTI-SIGNAL",IF(AA81=4,"HIGH MULTI-SIGNAL",IF(AA81=3,"ELEVATED MULTI-SIGNAL",IF(AA81=2,"MULTI-SIGNAL","SINGLE-SIGNAL")))) -> SINGLE-SIGNAL | AC81: =IF(F81="Y","Settlement Authorization","")&IF(J81="Y",IF(F81="Y"," | ","")&"Open Stipulation","")&IF(M81="Y",IF(OR(F81="Y",J81="Y")," | ","")&"Pending QME","")&IF(P81="Y",IF(OR(F81="Y",J81="Y",M81="Y")," | ","")&"Automated Claim Alert","")&IF(S81="Y",IF(OR(F81="Y",J81="Y",M81="Y",P81="Y")," | ","")&"Inactive Customer","") -> Automated Claim Alert
A82: SYN-CLM-0081 | B82: Synthetic Claimant 0081 | C82: Claims Analyst K | D82: Synthetic Policyholder 122, LLC | E82: 44380 | F82: N | J82: Y | K82: 44571 | L82: Y | M82: N | P82: N | S82: N | U82: =IF(ISNUMBER(SEARCH("SURGERY",Q82&" "&R82)),"Y","N") -> N | V82: =IF(ISNUMBER(SEARCH("MMI",Q82&" "&R82)),"Y","N") -> N | W82: =IF(ISNUMBER(SEARCH("DENIED TREATMENT",Q82&" "&R82)),"Y","N") -> N | X82: =IF(ISNUMBER(SEARCH("SPECIALIST CONSULTATION",Q82&" "&R82)),"Y","N") -> N | Y82: =IF(ISNUMBER(SEARCH("NON-RENEWED ACCOUNT",Q82&" "&R82)),"Y","N") -> N | Z82: =IF(ISNUMBER(SEARCH("MSA ELIGIBLE",Q82&" "&R82)),"Y","N") -> N | AA82: =COUNTIF(F82,"Y")+COUNTIF(J82,"Y")+COUNTIF(M82,"Y")+COUNTIF(P82,"Y")+COUNTIF(S82,"Y") -> 1 | AB82: =IF(AA82=5,"MAXIMUM MULTI-SIGNAL",IF(AA82=4,"HIGH MULTI-SIGNAL",IF(AA82=3,"ELEVATED MULTI-SIGNAL",IF(AA82=2,"MULTI-SIGNAL","SINGLE-SIGNAL")))) -> SINGLE-SIGNAL | AC82: =IF(F82="Y","Settlement Authorization","")&IF(J82="Y",IF(F82="Y"," | ","")&"Open Stipulation","")&IF(M82="Y",IF(OR(F82="Y",J82="Y")," | ","")&"Pending QME","")&IF(P82="Y",IF(OR(F82="Y",J82="Y",M82="Y")," | ","")&"Automated Claim Alert","")&IF(S82="Y",IF(OR(F82="Y",J82="Y",M82="Y",P82="Y")," | ","")&"Inactive Customer","") -> Open Stipulation
A83: SYN-CLM-0082 | B83: Synthetic Claimant 0082 | C83: Claims Analyst K | D83: Synthetic Policyholder 075, LLC | E83: 43153 | F83: Y | G83: 141000 | H83: Synthetic Approver 05 | I83: 43254 | J83: N | L83: N | M83: N | P83: N | S83: N | U83: =IF(ISNUMBER(SEARCH("SURGERY",Q83&" "&R83)),"Y","N") -> N | V83: =IF(ISNUMBER(SEARCH("MMI",Q83&" "&R83)),"Y","N") -> N | W83: =IF(ISNUMBER(SEARCH("DENIED TREATMENT",Q83&" "&R83)),"Y","N") -> N | X83: =IF(ISNUMBER(SEARCH("SPECIALIST CONSULTATION",Q83&" "&R83)),"Y","N") -> N | Y83: =IF(ISNUMBER(SEARCH("NON-RENEWED ACCOUNT",Q83&" "&R83)),"Y","N") -> N | Z83: =IF(ISNUMBER(SEARCH("MSA ELIGIBLE",Q83&" "&R83)),"Y","N") -> N | AA83: =COUNTIF(F83,"Y")+COUNTIF(J83,"Y")+COUNTIF(M83,"Y")+COUNTIF(P83,"Y")+COUNTIF(S83,"Y") -> 1 | AB83: =IF(AA83=5,"MAXIMUM MULTI-SIGNAL",IF(AA83=4,"HIGH MULTI-SIGNAL",IF(AA83=3,"ELEVATED MULTI-SIGNAL",IF(AA83=2,"MULTI-SIGNAL","SINGLE-SIGNAL")))) -> SINGLE-SIGNAL | AC83: =IF(F83="Y","Settlement Authorization","")&IF(J83="Y",IF(F83="Y"," | ","")&"Open Stipulation","")&IF(M83="Y",IF(OR(F83="Y",J83="Y")," | ","")&"Pending QME","")&IF(P83="Y",IF(OR(F83="Y",J83="Y",M83="Y")," | ","")&"Automated Claim Alert","")&IF(S83="Y",IF(OR(F83="Y",J83="Y",M83="Y",P83="Y")," | ","")&"Inactive Customer","") -> Settlement Authorization
A84: SYN-CLM-0083 | B84: Synthetic Claimant 0083 | C84: Claims Analyst K | D84: Synthetic Policyholder 068, LLC | E84: 45387 | F84: N | J84: N | M84: N | P84: N | S84: Y | T84: 47334 | U84: =IF(ISNUMBER(SEARCH("SURGERY",Q84&" "&R84)),"Y","N") -> N | V84: =IF(ISNUMBER(SEARCH("MMI",Q84&" "&R84)),"Y","N") -> N | W84: =IF(ISNUMBER(SEARCH("DENIED TREATMENT",Q84&" "&R84)),"Y","N") -> N | X84: =IF(ISNUMBER(SEARCH("SPECIALIST CONSULTATION",Q84&" "&R84)),"Y","N") -> N | Y84: =IF(ISNUMBER(SEARCH("NON-RENEWED ACCOUNT",Q84&" "&R84)),"Y","N") -> N | Z84: =IF(ISNUMBER(SEARCH("MSA ELIGIBLE",Q84&" "&R84)),"Y","N") -> N | AA84: =COUNTIF(F84,"Y")+COUNTIF(J84,"Y")+COUNTIF(M84,"Y")+COUNTIF(P84,"Y")+COUNTIF(S84,"Y") -> 1 | AB84: =IF(AA84=5,"MAXIMUM MULTI-SIGNAL",IF(AA84=4,"HIGH MULTI-SIGNAL",IF(AA84=3,"ELEVATED MULTI-SIGNAL",IF(AA84=2,"MULTI-SIGNAL","SINGLE-SIGNAL")))) -> SINGLE-SIGNAL | AC84: =IF(F84="Y","Settlement Authorization","")&IF(J84="Y",IF(F84="Y"," | ","")&"Open Stipulation","")&IF(M84="Y",IF(OR(F84="Y",J84="Y")," | ","")&"Pending QME","")&IF(P84="Y",IF(OR(F84="Y",J84="Y",M84="Y")," | ","")&"Automated Claim Alert","")&IF(S84="Y",IF(OR(F84="Y",J84="Y",M84="Y",P84="Y")," | ","")&"Inactive Customer","") -> Inactive Customer
A85: SYN-CLM-0084 | B85: Synthetic Claimant 0084 | C85: Claims Analyst K | D85: Synthetic Policyholder 014, LLC | E85: 43826 | F85: N | J85: Y | K85: 44859 | L85: Y | M85: N | P85: N | S85: N | U85: =IF(ISNUMBER(SEARCH("SURGERY",Q85&" "&R85)),"Y","N") -> N | V85: =IF(ISNUMBER(SEARCH("MMI",Q85&" "&R85)),"Y","N") -> N | W85: =IF(ISNUMBER(SEARCH("DENIED TREATMENT",Q85&" "&R85)),"Y","N") -> N | X85: =IF(ISNUMBER(SEARCH("SPECIALIST CONSULTATION",Q85&" "&R85)),"Y","N") -> N | Y85: =IF(ISNUMBER(SEARCH("NON-RENEWED ACCOUNT",Q85&" "&R85)),"Y","N") -> N | Z85: =IF(ISNUMBER(SEARCH("MSA ELIGIBLE",Q85&" "&R85)),"Y","N") -> N | AA85: =COUNTIF(F85,"Y")+COUNTIF(J85,"Y")+COUNTIF(M85,"Y")+COUNTIF(P85,"Y")+COUNTIF(S85,"Y") -> 1 | AB85: =IF(AA85=5,"MAXIMUM MULTI-SIGNAL",IF(AA85=4,"HIGH MULTI-SIGNAL",IF(AA85=3,"ELEVATED MULTI-SIGNAL",IF(AA85=2,"MULTI-SIGNAL","SINGLE-SIGNAL")))) -> SINGLE-SIGNAL | AC85: =IF(F85="Y","Settlement Authorization","")&IF(J85="Y",IF(F85="Y"," | ","")&"Open Stipulation","")&IF(M85="Y",IF(OR(F85="Y",J85="Y")," | ","")&"Pending QME","")&IF(P85="Y",IF(OR(F85="Y",J85="Y",M85="Y")," | ","")&"Automated Claim Alert","")&IF(S85="Y",IF(OR(F85="Y",J85="Y",M85="Y",P85="Y")," | ","")&"Inactive Customer","") -> Open Stipulation
A86: SYN-CLM-0085 | B86: Synthetic Claimant 0085 | C86: Claims Analyst K | D86: Synthetic Policyholder 045, LLC | E86: 43599 | F86: Y | G86: 53500 | H86: Synthetic Approver 04 | I86: 45186 | J86: Y | K86: 44129 | L86: Y | M86: N | P86: N | S86: Y | T86: 44204 | U86: =IF(ISNUMBER(SEARCH("SURGERY",Q86&" "&R86)),"Y","N") -> N | V86: =IF(ISNUMBER(SEARCH("MMI",Q86&" "&R86)),"Y","N") -> N | W86: =IF(ISNUMBER(SEARCH("DENIED TREATMENT",Q86&" "&R86)),"Y","N") -> N | X86: =IF(ISNUMBER(SEARCH("SPECIALIST CONSULTATION",Q86&" "&R86)),"Y","N") -> N | Y86: =IF(ISNUMBER(SEARCH("NON-RENEWED ACCOUNT",Q86&" "&R86)),"Y","N") -> N | Z86: =IF(ISNUMBER(SEARCH("MSA ELIGIBLE",Q86&" "&R86)),"Y","N") -> N | AA86: =COUNTIF(F86,"Y")+COUNTIF(J86,"Y")+COUNTIF(M86,"Y")+COUNTIF(P86,"Y")+COUNTIF(S86,"Y") -> 3 | AB86: =IF(AA86=5,"MAXIMUM MULTI-SIGNAL",IF(AA86=4,"HIGH MULTI-SIGNAL",IF(AA86=3,"ELEVATED MULTI-SIGNAL",IF(AA86=2,"MULTI-SIGNAL","SINGLE-SIGNAL")))) -> ELEVATED MULTI-SIGNAL | AC86: =IF(F86="Y","Settlement Authorization","")&IF(J86="Y",IF(F86="Y"," | ","")&"Open Stipulation","")&IF(M86="Y",IF(OR(F86="Y",J86="Y")," | ","")&"Pending QME","")&IF(P86="Y",IF(OR(F86="Y",J86="Y",M86="Y")," | ","")&"Automated Claim Alert","")&IF(S86="Y",IF(OR(F86="Y",J86="Y",M86="Y",P86="Y")," | ","")&"Inactive Customer","") -> Settlement Authorization | Open Stipulation | Inactive Customer
A87: SYN-CLM-0086 | B87: Synthetic Claimant 0086 | C87: Claims Analyst K | D87: Synthetic Policyholder 062, LLC | E87: 43158 | F87: N | J87: N | M87: Y | N87: 44958 | O87: Synthetic QME Evaluator 34 | P87: N | S87: N | U87: =IF(ISNUMBER(SEARCH("SURGERY",Q87&" "&R87)),"Y","N") -> N | V87: =IF(ISNUMBER(SEARCH("MMI",Q87&" "&R87)),"Y","N") -> N | W87: =IF(ISNUMBER(SEARCH("DENIED TREATMENT",Q87&" "&R87)),"Y","N") -> N | X87: =IF(ISNUMBER(SEARCH("SPECIALIST CONSULTATION",Q87&" "&R87)),"Y","N") -> N | Y87: =IF(ISNUMBER(SEARCH("NON-RENEWED ACCOUNT",Q87&" "&R87)),"Y","N") -> N | Z87: =IF(ISNUMBER(SEARCH("MSA ELIGIBLE",Q87&" "&R87)),"Y","N") -> N | AA87: =COUNTIF(F87,"Y")+COUNTIF(J87,"Y")+COUNTIF(M87,"Y")+COUNTIF(P87,"Y")+COUNTIF(S87,"Y") -> 1 | AB87: =IF(AA87=5,"MAXIMUM MULTI-SIGNAL",IF(AA87=4,"HIGH MULTI-SIGNAL",IF(AA87=3,"ELEVATED MULTI-SIGNAL",IF(AA87=2,"MULTI-SIGNAL","SINGLE-SIGNAL")))) -> SINGLE-SIGNAL | AC87: =IF(F87="Y","Settlement Authorization","")&IF(J87="Y",IF(F87="Y"," | ","")&"Open Stipulation","")&IF(M87="Y",IF(OR(F87="Y",J87="Y")," | ","")&"Pending QME","")&IF(P87="Y",IF(OR(F87="Y",J87="Y",M87="Y")," | ","")&"Automated Claim Alert","")&IF(S87="Y",IF(OR(F87="Y",J87="Y",M87="Y",P87="Y")," | ","")&"Inactive Customer","") -> Pending QME
A88: SYN-CLM-0087 | B88: Synthetic Claimant 0087 | C88: Claims Analyst K | D88: Synthetic Policyholder 129, LLC | E88: 44304 | F88: N | J88: Y | K88: 44931 | L88: N | M88: N | P88: Y | Q88: Non-Renewed Account; MMI Date Reported; MSA Eligible in Next 3 Years | R88: Denied Treatment Requests | S88: N | U88: =IF(ISNUMBER(SEARCH("SURGERY",Q88&" "&R88)),"Y","N") -> N | V88: =IF(ISNUMBER(SEARCH("MMI",Q88&" "&R88)),"Y","N") -> Y | W88: =IF(ISNUMBER(SEARCH("DENIED TREATMENT",Q88&" "&R88)),"Y","N") -> Y | X88: =IF(ISNUMBER(SEARCH("SPECIALIST CONSULTATION",Q88&" "&R88)),"Y","N") -> N | Y88: =IF(ISNUMBER(SEARCH("NON-RENEWED ACCOUNT",Q88&" "&R88)),"Y","N") -> Y | Z88: =IF(ISNUMBER(SEARCH("MSA ELIGIBLE",Q88&" "&R88)),"Y","N") -> Y | AA88: =COUNTIF(F88,"Y")+COUNTIF(J88,"Y")+COUNTIF(M88,"Y")+COUNTIF(P88,"Y")+COUNTIF(S88,"Y") -> 2 | AB88: =IF(AA88=5,"MAXIMUM MULTI-SIGNAL",IF(AA88=4,"HIGH MULTI-SIGNAL",IF(AA88=3,"ELEVATED MULTI-SIGNAL",IF(AA88=2,"MULTI-SIGNAL","SINGLE-SIGNAL")))) -> MULTI-SIGNAL | AC88: =IF(F88="Y","Settlement Authorization","")&IF(J88="Y",IF(F88="Y"," | ","")&"Open Stipulation","")&IF(M88="Y",IF(OR(F88="Y",J88="Y")," | ","")&"Pending QME","")&IF(P88="Y",IF(OR(F88="Y",J88="Y",M88="Y")," | ","")&"Automated Claim Alert","")&IF(S88="Y",IF(OR(F88="Y",J88="Y",M88="Y",P88="Y")," | ","")&"Inactive Customer","") -> Open Stipulation | Automated Claim Alert
A89: SYN-CLM-0088 | B89: Synthetic Claimant 0088 | C89: Claims Analyst K | D89: Synthetic Policyholder 179, LLC | E89: 45523 | F89: Y | G89: 25750 | H89: Synthetic Approver 02 | I89: 45570 | J89: N | L89: N | M89: N | P89: N | S89: N | U89: =IF(ISNUMBER(SEARCH("SURGERY",Q89&" "&R89)),"Y","N") -> N | V89: =IF(ISNUMBER(SEARCH("MMI",Q89&" "&R89)),"Y","N") -> N | W89: =IF(ISNUMBER(SEARCH("DENIED TREATMENT",Q89&" "&R89)),"Y","N") -> N | X89: =IF(ISNUMBER(SEARCH("SPECIALIST CONSULTATION",Q89&" "&R89)),"Y","N") -> N | Y89: =IF(ISNUMBER(SEARCH("NON-RENEWED ACCOUNT",Q89&" "&R89)),"Y","N") -> N | Z89: =IF(ISNUMBER(SEARCH("MSA ELIGIBLE",Q89&" "&R89)),"Y","N") -> N | AA89: =COUNTIF(F89,"Y")+COUNTIF(J89,"Y")+COUNTIF(M89,"Y")+COUNTIF(P89,"Y")+COUNTIF(S89,"Y") -> 1 | AB89: =IF(AA89=5,"MAXIMUM MULTI-SIGNAL",IF(AA89=4,"HIGH MULTI-SIGNAL",IF(AA89=3,"ELEVATED MULTI-SIGNAL",IF(AA89=2,"MULTI-SIGNAL","SINGLE-SIGNAL")))) -> SINGLE-SIGNAL | AC89: =IF(F89="Y","Settlement Authorization","")&IF(J89="Y",IF(F89="Y"," | ","")&"Open Stipulation","")&IF(M89="Y",IF(OR(F89="Y",J89="Y")," | ","")&"Pending QME","")&IF(P89="Y",IF(OR(F89="Y",J89="Y",M89="Y")," | ","")&"Automated Claim Alert","")&IF(S89="Y",IF(OR(F89="Y",J89="Y",M89="Y",P89="Y")," | ","")&"Inactive Customer","") -> Settlement Authorization
A90: SYN-CLM-0089 | B90: Synthetic Claimant 0089 | C90: Claims Analyst K | D90: Synthetic Policyholder 030, LLC | E90: 45143 | F90: Y | G90: 118500 | H90: Synthetic Approver 04 | I90: 45662 | J90: N | L90: N | M90: N | P90: N | S90: N | U90: =IF(ISNUMBER(SEARCH("SURGERY",Q90&" "&R90)),"Y","N") -> N | V90: =IF(ISNUMBER(SEARCH("MMI",Q90&" "&R90)),"Y","N") -> N | W90: =IF(ISNUMBER(SEARCH("DENIED TREATMENT",Q90&" "&R90)),"Y","N") -> N | X90: =IF(ISNUMBER(SEARCH("SPECIALIST CONSULTATION",Q90&" "&R90)),"Y","N") -> N | Y90: =IF(ISNUMBER(SEARCH("NON-RENEWED ACCOUNT",Q90&" "&R90)),"Y","N") -> N | Z90: =IF(ISNUMBER(SEARCH("MSA ELIGIBLE",Q90&" "&R90)),"Y","N") -> N | AA90: =COUNTIF(F90,"Y")+COUNTIF(J90,"Y")+COUNTIF(M90,"Y")+COUNTIF(P90,"Y")+COUNTIF(S90,"Y") -> 1 | AB90: =IF(AA90=5,"MAXIMUM MULTI-SIGNAL",IF(AA90=4,"HIGH MULTI-SIGNAL",IF(AA90=3,"ELEVATED MULTI-SIGNAL",IF(AA90=2,"MULTI-SIGNAL","SINGLE-SIGNAL")))) -> SINGLE-SIGNAL | AC90: =IF(F90="Y","Settlement Authorization","")&IF(J90="Y",IF(F90="Y"," | ","")&"Open Stipulation","")&IF(M90="Y",IF(OR(F90="Y",J90="Y")," | ","")&"Pending QME","")&IF(P90="Y",IF(OR(F90="Y",J90="Y",M90="Y")," | ","")&"Automated Claim Alert","")&IF(S90="Y",IF(OR(F90="Y",J90="Y",M90="Y",P90="Y")," | ","")&"Inactive Customer","") -> Settlement Authorization
A91: SYN-CLM-0090 | B91: Synthetic Claimant 0090 | C91: Claims Analyst K | D91: Synthetic Policyholder 096, LLC | E91: 43868 | F91: N | J91: N | M91: Y | N91: 44837 | O91: Synthetic QME Evaluator 23 | P91: Y | Q91: Denied Treatment Requests; MSA Eligible in Next 3 Years | R91: Specialist Consultation Requested | S91: N | U91: =IF(ISNUMBER(SEARCH("SURGERY",Q91&" "&R91)),"Y","N") -> N | V91: =IF(ISNUMBER(SEARCH("MMI",Q91&" "&R91)),"Y","N") -> N | W91: =IF(ISNUMBER(SEARCH("DENIED TREATMENT",Q91&" "&R91)),"Y","N") -> Y | X91: =IF(ISNUMBER(SEARCH("SPECIALIST CONSULTATION",Q91&" "&R91)),"Y","N") -> Y | Y91: =IF(ISNUMBER(SEARCH("NON-RENEWED ACCOUNT",Q91&" "&R91)),"Y","N") -> N | Z91: =IF(ISNUMBER(SEARCH("MSA ELIGIBLE",Q91&" "&R91)),"Y","N") -> Y | AA91: =COUNTIF(F91,"Y")+COUNTIF(J91,"Y")+COUNTIF(M91,"Y")+COUNTIF(P91,"Y")+COUNTIF(S91,"Y") -> 2 | AB91: =IF(AA91=5,"MAXIMUM MULTI-SIGNAL",IF(AA91=4,"HIGH MULTI-SIGNAL",IF(AA91=3,"ELEVATED MULTI-SIGNAL",IF(AA91=2,"MULTI-SIGNAL","SINGLE-SIGNAL")))) -> MULTI-SIGNAL | AC91: =IF(F91="Y","Settlement Authorization","")&IF(J91="Y",IF(F91="Y"," | ","")&"Open Stipulation","")&IF(M91="Y",IF(OR(F91="Y",J91="Y")," | ","")&"Pending QME","")&IF(P91="Y",IF(OR(F91="Y",J91="Y",M91="Y")," | ","")&"Automated Claim Alert","")&IF(S91="Y",IF(OR(F91="Y",J91="Y",M91="Y",P91="Y")," | ","")&"Inactive Customer","") -> Pending QME | Automated Claim Alert
A92: SYN-CLM-0091 | B92: Synthetic Claimant 0091 | C92: Claims Analyst K | D92: Synthetic Policyholder 033, LLC | E92: 44672 | F92: N | J92: Y | K92: 46048 | L92: N | M92: N | P92: N | S92: N | U92: =IF(ISNUMBER(SEARCH("SURGERY",Q92&" "&R92)),"Y","N") -> N | V92: =IF(ISNUMBER(SEARCH("MMI",Q92&" "&R92)),"Y","N") -> N | W92: =IF(ISNUMBER(SEARCH("DENIED TREATMENT",Q92&" "&R92)),"Y","N") -> N | X92: =IF(ISNUMBER(SEARCH("SPECIALIST CONSULTATION",Q92&" "&R92)),"Y","N") -> N | Y92: =IF(ISNUMBER(SEARCH("NON-RENEWED ACCOUNT",Q92&" "&R92)),"Y","N") -> N | Z92: =IF(ISNUMBER(SEARCH("MSA ELIGIBLE",Q92&" "&R92)),"Y","N") -> N | AA92: =COUNTIF(F92,"Y")+COUNTIF(J92,"Y")+COUNTIF(M92,"Y")+COUNTIF(P92,"Y")+COUNTIF(S92,"Y") -> 1 | AB92: =IF(AA92=5,"MAXIMUM MULTI-SIGNAL",IF(AA92=4,"HIGH MULTI-SIGNAL",IF(AA92=3,"ELEVATED MULTI-SIGNAL",IF(AA92=2,"MULTI-SIGNAL","SINGLE-SIGNAL")))) -> SINGLE-SIGNAL | AC92: =IF(F92="Y","Settlement Authorization","")&IF(J92="Y",IF(F92="Y"," | ","")&"Open Stipulation","")&IF(M92="Y",IF(OR(F92="Y",J92="Y")," | ","")&"Pending QME","")&IF(P92="Y",IF(OR(F92="Y",J92="Y",M92="Y")," | ","")&"Automated Claim Alert","")&IF(S92="Y",IF(OR(F92="Y",J92="Y",M92="Y",P92="Y")," | ","")&"Inactive Customer","") -> Open Stipulation
A93: SYN-CLM-0092 | B93: Synthetic Claimant 0092 | C93: Claims Analyst K | D93: Synthetic Policyholder 112, LLC | E93: 44015 | F93: N | J93: N | M93: Y | N93: 45475 | O93: Synthetic QME Evaluator 07 | P93: Y | Q93: Denied Treatment Requests | S93: N | U93: =IF(ISNUMBER(SEARCH("SURGERY",Q93&" "&R93)),"Y","N") -> N | V93: =IF(ISNUMBER(SEARCH("MMI",Q93&" "&R93)),"Y","N") -> N | W93: =IF(ISNUMBER(SEARCH("DENIED TREATMENT",Q93&" "&R93)),"Y","N") -> Y | X93: =IF(ISNUMBER(SEARCH("SPECIALIST CONSULTATION",Q93&" "&R93)),"Y","N") -> N | Y93: =IF(ISNUMBER(SEARCH("NON-RENEWED ACCOUNT",Q93&" "&R93)),"Y","N") -> N | Z93: =IF(ISNUMBER(SEARCH("MSA ELIGIBLE",Q93&" "&R93)),"Y","N") -> N | AA93: =COUNTIF(F93,"Y")+COUNTIF(J93,"Y")+COUNTIF(M93,"Y")+COUNTIF(P93,"Y")+COUNTIF(S93,"Y") -> 2 | AB93: =IF(AA93=5,"MAXIMUM MULTI-SIGNAL",IF(AA93=4,"HIGH MULTI-SIGNAL",IF(AA93=3,"ELEVATED MULTI-SIGNAL",IF(AA93=2,"MULTI-SIGNAL","SINGLE-SIGNAL")))) -> MULTI-SIGNAL | AC93: =IF(F93="Y","Settlement Authorization","")&IF(J93="Y",IF(F93="Y"," | ","")&"Open Stipulation","")&IF(M93="Y",IF(OR(F93="Y",J93="Y")," | ","")&"Pending QME","")&IF(P93="Y",IF(OR(F93="Y",J93="Y",M93="Y")," | ","")&"Automated Claim Alert","")&IF(S93="Y",IF(OR(F93="Y",J93="Y",M93="Y",P93="Y")," | ","")&"Inactive Customer","") -> Pending QME | Automated Claim Alert
A94: SYN-CLM-0093 | B94: Synthetic Claimant 0093 | C94: Claims Analyst K | D94: Synthetic Policyholder 057, LLC | E94: 45161 | F94: Y | G94: 161250 | H94: Synthetic Approver 01 | I94: 45977 | J94: N | L94: Y | M94: N | P94: N | S94: N | U94: =IF(ISNUMBER(SEARCH("SURGERY",Q94&" "&R94)),"Y","N") -> N | V94: =IF(ISNUMBER(SEARCH("MMI",Q94&" "&R94)),"Y","N") -> N | W94: =IF(ISNUMBER(SEARCH("DENIED TREATMENT",Q94&" "&R94)),"Y","N") -> N | X94: =IF(ISNUMBER(SEARCH("SPECIALIST CONSULTATION",Q94&" "&R94)),"Y","N") -> N | Y94: =IF(ISNUMBER(SEARCH("NON-RENEWED ACCOUNT",Q94&" "&R94)),"Y","N") -> N | Z94: =IF(ISNUMBER(SEARCH("MSA ELIGIBLE",Q94&" "&R94)),"Y","N") -> N | AA94: =COUNTIF(F94,"Y")+COUNTIF(J94,"Y")+COUNTIF(M94,"Y")+COUNTIF(P94,"Y")+COUNTIF(S94,"Y") -> 1 | AB94: =IF(AA94=5,"MAXIMUM MULTI-SIGNAL",IF(AA94=4,"HIGH MULTI-SIGNAL",IF(AA94=3,"ELEVATED MULTI-SIGNAL",IF(AA94=2,"MULTI-SIGNAL","SINGLE-SIGNAL")))) -> SINGLE-SIGNAL | AC94: =IF(F94="Y","Settlement Authorization","")&IF(J94="Y",IF(F94="Y"," | ","")&"Open Stipulation","")&IF(M94="Y",IF(OR(F94="Y",J94="Y")," | ","")&"Pending QME","")&IF(P94="Y",IF(OR(F94="Y",J94="Y",M94="Y")," | ","")&"Automated Claim Alert","")&IF(S94="Y",IF(OR(F94="Y",J94="Y",M94="Y",P94="Y")," | ","")&"Inactive Customer","") -> Settlement Authorization
A95: SYN-CLM-0094 | B95: Synthetic Claimant 0094 | C95: Claims Analyst K | D95: Synthetic Policyholder 164, LLC | E95: 43736 | F95: Y | G95: 134500 | H95: Synthetic Approver 10 | I95: 44033 | J95: Y | K95: 43782 | L95: N | M95: N | P95: N | S95: Y | T95: 45617 | U95: =IF(ISNUMBER(SEARCH("SURGERY",Q95&" "&R95)),"Y","N") -> N | V95: =IF(ISNUMBER(SEARCH("MMI",Q95&" "&R95)),"Y","N") -> N | W95: =IF(ISNUMBER(SEARCH("DENIED TREATMENT",Q95&" "&R95)),"Y","N") -> N | X95: =IF(ISNUMBER(SEARCH("SPECIALIST CONSULTATION",Q95&" "&R95)),"Y","N") -> N | Y95: =IF(ISNUMBER(SEARCH("NON-RENEWED ACCOUNT",Q95&" "&R95)),"Y","N") -> N | Z95: =IF(ISNUMBER(SEARCH("MSA ELIGIBLE",Q95&" "&R95)),"Y","N") -> N | AA95: =COUNTIF(F95,"Y")+COUNTIF(J95,"Y")+COUNTIF(M95,"Y")+COUNTIF(P95,"Y")+COUNTIF(S95,"Y") -> 3 | AB95: =IF(AA95=5,"MAXIMUM MULTI-SIGNAL",IF(AA95=4,"HIGH MULTI-SIGNAL",IF(AA95=3,"ELEVATED MULTI-SIGNAL",IF(AA95=2,"MULTI-SIGNAL","SINGLE-SIGNAL")))) -> ELEVATED MULTI-SIGNAL | AC95: =IF(F95="Y","Settlement Authorization","")&IF(J95="Y",IF(F95="Y"," | ","")&"Open Stipulation","")&IF(M95="Y",IF(OR(F95="Y",J95="Y")," | ","")&"Pending QME","")&IF(P95="Y",IF(OR(F95="Y",J95="Y",M95="Y")," | ","")&"Automated Claim Alert","")&IF(S95="Y",IF(OR(F95="Y",J95="Y",M95="Y",P95="Y")," | ","")&"Inactive Customer","") -> Settlement Authorization | Open Stipulation | Inactive Customer
A96: SYN-CLM-0095 | B96: Synthetic Claimant 0095 | C96: Claims Analyst K | D96: Synthetic Policyholder 170, LLC | E96: 43145 | F96: Y | G96: 171500 | H96: Synthetic Approver 12 | I96: 43921 | J96: N | L96: N | M96: Y | N96: 44416 | O96: Synthetic QME Evaluator 11 | P96: N | S96: N | U96: =IF(ISNUMBER(SEARCH("SURGERY",Q96&" "&R96)),"Y","N") -> N | V96: =IF(ISNUMBER(SEARCH("MMI",Q96&" "&R96)),"Y","N") -> N | W96: =IF(ISNUMBER(SEARCH("DENIED TREATMENT",Q96&" "&R96)),"Y","N") -> N | X96: =IF(ISNUMBER(SEARCH("SPECIALIST CONSULTATION",Q96&" "&R96)),"Y","N") -> N | Y96: =IF(ISNUMBER(SEARCH("NON-RENEWED ACCOUNT",Q96&" "&R96)),"Y","N") -> N | Z96: =IF(ISNUMBER(SEARCH("MSA ELIGIBLE",Q96&" "&R96)),"Y","N") -> N | AA96: =COUNTIF(F96,"Y")+COUNTIF(J96,"Y")+COUNTIF(M96,"Y")+COUNTIF(P96,"Y")+COUNTIF(S96,"Y") -> 2 | AB96: =IF(AA96=5,"MAXIMUM MULTI-SIGNAL",IF(AA96=4,"HIGH MULTI-SIGNAL",IF(AA96=3,"ELEVATED MULTI-SIGNAL",IF(AA96=2,"MULTI-SIGNAL","SINGLE-SIGNAL")))) -> MULTI-SIGNAL | AC96: =IF(F96="Y","Settlement Authorization","")&IF(J96="Y",IF(F96="Y"," | ","")&"Open Stipulation","")&IF(M96="Y",IF(OR(F96="Y",J96="Y")," | ","")&"Pending QME","")&IF(P96="Y",IF(OR(F96="Y",J96="Y",M96="Y")," | ","")&"Automated Claim Alert","")&IF(S96="Y",IF(OR(F96="Y",J96="Y",M96="Y",P96="Y")," | ","")&"Inactive Customer","") -> Settlement Authorization | Pending QME
A97: SYN-CLM-0096 | B97: Synthetic Claimant 0096 | C97: Claims Analyst L | D97: Synthetic Policyholder 013, LLC | E97: 44190 | F97: N | J97: N | M97: N | P97: N | S97: Y | T97: 45304 | U97: =IF(ISNUMBER(SEARCH("SURGERY",Q97&" "&R97)),"Y","N") -> N | V97: =IF(ISNUMBER(SEARCH("MMI",Q97&" "&R97)),"Y","N") -> N | W97: =IF(ISNUMBER(SEARCH("DENIED TREATMENT",Q97&" "&R97)),"Y","N") -> N | X97: =IF(ISNUMBER(SEARCH("SPECIALIST CONSULTATION",Q97&" "&R97)),"Y","N") -> N | Y97: =IF(ISNUMBER(SEARCH("NON-RENEWED ACCOUNT",Q97&" "&R97)),"Y","N") -> N | Z97: =IF(ISNUMBER(SEARCH("MSA ELIGIBLE",Q97&" "&R97)),"Y","N") -> N | AA97: =COUNTIF(F97,"Y")+COUNTIF(J97,"Y")+COUNTIF(M97,"Y")+COUNTIF(P97,"Y")+COUNTIF(S97,"Y") -> 1 | AB97: =IF(AA97=5,"MAXIMUM MULTI-SIGNAL",IF(AA97=4,"HIGH MULTI-SIGNAL",IF(AA97=3,"ELEVATED MULTI-SIGNAL",IF(AA97=2,"MULTI-SIGNAL","SINGLE-SIGNAL")))) -> SINGLE-SIGNAL | AC97: =IF(F97="Y","Settlement Authorization","")&IF(J97="Y",IF(F97="Y"," | ","")&"Open Stipulation","")&IF(M97="Y",IF(OR(F97="Y",J97="Y")," | ","")&"Pending QME","")&IF(P97="Y",IF(OR(F97="Y",J97="Y",M97="Y")," | ","")&"Automated Claim Alert","")&IF(S97="Y",IF(OR(F97="Y",J97="Y",M97="Y",P97="Y")," | ","")&"Inactive Customer","") -> Inactive Customer
A98: SYN-CLM-0097 | B98: Synthetic Claimant 0097 | C98: Claims Analyst L | D98: Synthetic Policyholder 150, LLC | E98: 44929 | F98: Y | G98: 4750 | H98: Synthetic Approver 09 | I98: 45311 | J98: N | L98: N | M98: N | P98: N | S98: N | U98: =IF(ISNUMBER(SEARCH("SURGERY",Q98&" "&R98)),"Y","N") -> N | V98: =IF(ISNUMBER(SEARCH("MMI",Q98&" "&R98)),"Y","N") -> N | W98: =IF(ISNUMBER(SEARCH("DENIED TREATMENT",Q98&" "&R98)),"Y","N") -> N | X98: =IF(ISNUMBER(SEARCH("SPECIALIST CONSULTATION",Q98&" "&R98)),"Y","N") -> N | Y98: =IF(ISNUMBER(SEARCH("NON-RENEWED ACCOUNT",Q98&" "&R98)),"Y","N") -> N | Z98: =IF(ISNUMBER(SEARCH("MSA ELIGIBLE",Q98&" "&R98)),"Y","N") -> N | AA98: =COUNTIF(F98,"Y")+COUNTIF(J98,"Y")+COUNTIF(M98,"Y")+COUNTIF(P98,"Y")+COUNTIF(S98,"Y") -> 1 | AB98: =IF(AA98=5,"MAXIMUM MULTI-SIGNAL",IF(AA98=4,"HIGH MULTI-SIGNAL",IF(AA98=3,"ELEVATED MULTI-SIGNAL",IF(AA98=2,"MULTI-SIGNAL","SINGLE-SIGNAL")))) -> SINGLE-SIGNAL | AC98: =IF(F98="Y","Settlement Authorization","")&IF(J98="Y",IF(F98="Y"," | ","")&"Open Stipulation","")&IF(M98="Y",IF(OR(F98="Y",J98="Y")," | ","")&"Pending QME","")&IF(P98="Y",IF(OR(F98="Y",J98="Y",M98="Y")," | ","")&"Automated Claim Alert","")&IF(S98="Y",IF(OR(F98="Y",J98="Y",M98="Y",P98="Y")," | ","")&"Inactive Customer","") -> Settlement Authorization
A99: SYN-CLM-0098 | B99: Synthetic Claimant 0098 | C99: Claims Analyst L | D99: Synthetic Policyholder 045, LLC | E99: 43986 | F99: Y | G99: 42500 | H99: Synthetic Approver 11 | I99: 45570 | J99: N | L99: N | M99: N | P99: Y | Q99: Specialist Consultation Requested; MSA Eligible in Next 3 Years | S99: N | U99: =IF(ISNUMBER(SEARCH("SURGERY",Q99&" "&R99)),"Y","N") -> N | V99: =IF(ISNUMBER(SEARCH("MMI",Q99&" "&R99)),"Y","N") -> N | W99: =IF(ISNUMBER(SEARCH("DENIED TREATMENT",Q99&" "&R99)),"Y","N") -> N | X99: =IF(ISNUMBER(SEARCH("SPECIALIST CONSULTATION",Q99&" "&R99)),"Y","N") -> Y | Y99: =IF(ISNUMBER(SEARCH("NON-RENEWED ACCOUNT",Q99&" "&R99)),"Y","N") -> N | Z99: =IF(ISNUMBER(SEARCH("MSA ELIGIBLE",Q99&" "&R99)),"Y","N") -> Y | AA99: =COUNTIF(F99,"Y")+COUNTIF(J99,"Y")+COUNTIF(M99,"Y")+COUNTIF(P99,"Y")+COUNTIF(S99,"Y") -> 2 | AB99: =IF(AA99=5,"MAXIMUM MULTI-SIGNAL",IF(AA99=4,"HIGH MULTI-SIGNAL",IF(AA99=3,"ELEVATED MULTI-SIGNAL",IF(AA99=2,"MULTI-SIGNAL","SINGLE-SIGNAL")))) -> MULTI-SIGNAL | AC99: =IF(F99="Y","Settlement Authorization","")&IF(J99="Y",IF(F99="Y"," | ","")&"Open Stipulation","")&IF(M99="Y",IF(OR(F99="Y",J99="Y")," | ","")&"Pending QME","")&IF(P99="Y",IF(OR(F99="Y",J99="Y",M99="Y")," | ","")&"Automated Claim Alert","")&IF(S99="Y",IF(OR(F99="Y",J99="Y",M99="Y",P99="Y")," | ","")&"Inactive Customer","") -> Settlement Authorization | Automated Claim Alert
A100: SYN-CLM-0099 | B100: Synthetic Claimant 0099 | C100: Claims Analyst L | D100: Synthetic Policyholder 094, LLC | E100: 45992 | F100: N | J100: N | M100: N | P100: Y | Q100: Specialist Consultation Requested; Surgery Requested | R100: Denied Treatment Requests | S100: N | U100: =IF(ISNUMBER(SEARCH("SURGERY",Q100&" "&R100)),"Y","N") -> Y | V100: =IF(ISNUMBER(SEARCH("MMI",Q100&" "&R100)),"Y","N") -> N | W100: =IF(ISNUMBER(SEARCH("DENIED TREATMENT",Q100&" "&R100)),"Y","N") -> Y | X100: =IF(ISNUMBER(SEARCH("SPECIALIST CONSULTATION",Q100&" "&R100)),"Y","N") -> Y | Y100: =IF(ISNUMBER(SEARCH("NON-RENEWED ACCOUNT",Q100&" "&R100)),"Y","N") -> N | Z100: =IF(ISNUMBER(SEARCH("MSA ELIGIBLE",Q100&" "&R100)),"Y","N") -> N | AA100: =COUNTIF(F100,"Y")+COUNTIF(J100,"Y")+COUNTIF(M100,"Y")+COUNTIF(P100,"Y")+COUNTIF(S100,"Y") -> 1 | AB100: =IF(AA100=5,"MAXIMUM MULTI-SIGNAL",IF(AA100=4,"HIGH MULTI-SIGNAL",IF(AA100=3,"ELEVATED MULTI-SIGNAL",IF(AA100=2,"MULTI-SIGNAL","SINGLE-SIGNAL")))) -> SINGLE-SIGNAL | AC100: =IF(F100="Y","Settlement Authorization","")&IF(J100="Y",IF(F100="Y"," | ","")&"Open Stipulation","")&IF(M100="Y",IF(OR(F100="Y",J100="Y")," | ","")&"Pending QME","")&IF(P100="Y",IF(OR(F100="Y",J100="Y",M100="Y")," | ","")&"Automated Claim Alert","")&IF(S100="Y",IF(OR(F100="Y",J100="Y",M100="Y",P100="Y")," | ","")&"Inactive Customer","") -> Automated Claim Alert
...

Sheet DASHBOARD
A1: SYNTHETIC CLAIMS OPPORTUNITY DASHBOARD
A3: Fictional reporting date: December 31, 2031 | Metrics are formula-linked to MASTER DATA.
A5: Total Claims | C5: 5 Indicators | E5: 4 Indicators | G5: 3 Indicators | I5: 2 Indicators | K5: 1 Indicator
A6: =COUNTA('MASTER DATA'!A2:A561) -> 560 | C6: =COUNTIF('MASTER DATA'!AA2:AA561,5) -> 0 | E6: =COUNTIF('MASTER DATA'!AA2:AA561,4) -> 6 | G6: =COUNTIF('MASTER DATA'!AA2:AA561,3) -> 45 | I6: =COUNTIF('MASTER DATA'!AA2:AA561,2) -> 152 | K6: =COUNTIF('MASTER DATA'!AA2:AA561,1) -> 357
A9: Claims by Analyst | D9: Claims by Signal Level | G9: Claims by Indicator Type | J9: Claims by Source Report Count
A10: Claims Analyst | B10: Claims | D10: Opportunity Signal Level | E10: Claims | G10: Indicator | H10: Claims | J10: Reports | K10: Claims
A11: Claims Analyst L | B11: =COUNTIF('MASTER DATA'!C2:C561,A11) -> 76 | D11: MAXIMUM MULTI-SIGNAL | E11: =COUNTIF('MASTER DATA'!AB2:AB561,D11) -> 0 | G11: Settlement Authorization | H11: =COUNTIF('MASTER DATA'!F2:F561,"Y") -> 333 | J11: 1 | K11: =COUNTIF('MASTER DATA'!AA2:AA561,J11) -> 357
A12: Claims Analyst J | B12: =COUNTIF('MASTER DATA'!C2:C561,A12) -> 63 | D12: HIGH MULTI-SIGNAL | E12: =COUNTIF('MASTER DATA'!AB2:AB561,D12) -> 6 | G12: Open Stipulation Without C&R | H12: =COUNTIF('MASTER DATA'!J2:J561,"Y") -> 106 | J12: 2 | K12: =COUNTIF('MASTER DATA'!AA2:AA561,J12) -> 152
A13: Claims Analyst K | B13: =COUNTIF('MASTER DATA'!C2:C561,A13) -> 60 | D13: ELEVATED MULTI-SIGNAL | E13: =COUNTIF('MASTER DATA'!AB2:AB561,D13) -> 45 | G13: Pending QME | H13: =COUNTIF('MASTER DATA'!M2:M561,"Y") -> 80 | J13: 3 | K13: =COUNTIF('MASTER DATA'!AA2:AA561,J13) -> 45
A14: Claims Analyst C | B14: =COUNTIF('MASTER DATA'!C2:C561,A14) -> 55 | D14: MULTI-SIGNAL | E14: =COUNTIF('MASTER DATA'!AB2:AB561,D14) -> 152 | G14: Automated Claim Alert | H14: =COUNTIF('MASTER DATA'!P2:P561,"Y") -> 152 | J14: 4 | K14: =COUNTIF('MASTER DATA'!AA2:AA561,J14) -> 6
A15: Claims Analyst G | B15: =COUNTIF('MASTER DATA'!C2:C561,A15) -> 55 | D15: SINGLE-SIGNAL | E15: =COUNTIF('MASTER DATA'!AB2:AB561,D15) -> 357 | G15: Inactive Customer | H15: =COUNTIF('MASTER DATA'!S2:S561,"Y") -> 149 | J15: 5 | K15: =COUNTIF('MASTER DATA'!AA2:AA561,J15) -> 0
A16: Claims Analyst F | B16: =COUNTIF('MASTER DATA'!C2:C561,A16) -> 48
A17: Claims Analyst I | B17: =COUNTIF('MASTER DATA'!C2:C561,A17) -> 44
A18: Claims Analyst A | B18: =COUNTIF('MASTER DATA'!C2:C561,A18) -> 42
A19: Claims Analyst B | B19: =COUNTIF('MASTER DATA'!C2:C561,A19) -> 41
A20: Claims Analyst E | B20: =COUNTIF('MASTER DATA'!C2:C561,A20) -> 36
A21: Claims Analyst H | B21: =COUNTIF('MASTER DATA'!C2:C561,A21) -> 23
A22: Claims Analyst D | B22: =COUNTIF('MASTER DATA'!C2:C561,A22) -> 17

Sheet AUDIT CONTROLS
A1: SYNTHETIC DATA RECONCILIATION & AUDIT CONTROLS
A4: Source Report | B4: Claims in Master | C4: Expected from Dashboard | D4: Difference | E4: Control Status | F4: Control Explanation
A5: Settlement Authorization | B5: =COUNTIF('MASTER DATA'!F2:F561,"Y") -> 333 | C5: =DASHBOARD!H11 -> 333 | D5: =B5-C5 -> 0 | E5: =IF(D5=0,"PASS","FAIL") -> PASS | F5: Compares master source membership with dashboard summary.
A6: Open Stipulation Without C&R | B6: =COUNTIF('MASTER DATA'!J2:J561,"Y") -> 106 | C6: =DASHBOARD!H12 -> 106 | D6: =B6-C6 -> 0 | E6: =IF(D6=0,"PASS","FAIL") -> PASS | F6: Compares master source membership with dashboard summary.
A7: Pending QME | B7: =COUNTIF('MASTER DATA'!M2:M561,"Y") -> 80 | C7: =DASHBOARD!H13 -> 80 | D7: =B7-C7 -> 0 | E7: =IF(D7=0,"PASS","FAIL") -> PASS | F7: Compares master source membership with dashboard summary.
A8: Automated Claim Alert | B8: =COUNTIF('MASTER DATA'!P2:P561,"Y") -> 152 | C8: =DASHBOARD!H14 -> 152 | D8: =B8-C8 -> 0 | E8: =IF(D8=0,"PASS","FAIL") -> PASS | F8: Compares master source membership with dashboard summary.
A9: Inactive Customer | B9: =COUNTIF('MASTER DATA'!S2:S561,"Y") -> 149 | C9: =DASHBOARD!H15 -> 149 | D9: =B9-C9 -> 0 | E9: =IF(D9=0,"PASS","FAIL") -> PASS | F9: Compares master source membership with dashboard summary.
A12: Reconciliation Check | B12: Calculated Result | C12: Expected Result | D12: Difference | E12: Status | F12: Purpose
A13: Master row count | B13: =COUNTA('MASTER DATA'!A2:A561) -> 560 | C13: =DASHBOARD!A6 -> 560 | D13: =B13-C13 -> 0 | E13: =IF(D13=0,"PASS","FAIL") -> PASS | F13: Headline total agrees with source.
A14: Unique synthetic claim IDs | B14: =SUMPRODUCT(1/COUNTIF('MASTER DATA'!A2:A561,'MASTER DATA'!A2:A561)) -> 560 | C14: =COUNTA('MASTER DATA'!A2:A561) -> 560 | D14: =B14-C14 -> 0 | E14: =IF(D14=0,"PASS","FAIL") -> PASS | F14: One row per claim ID.
A15: Indicator distribution total | B15: =SUM(B19:B23) -> 560 | C15: =COUNTA('MASTER DATA'!A2:A561) -> 560 | D15: =B15-C15 -> 0 | E15: =IF(D15=0,"PASS","FAIL") -> PASS | F15: All records assigned to exactly one group.
A16: Analyst view record total | B16: =SUM(B27:B38) -> 560 | C16: =COUNTA('MASTER DATA'!A2:A561) -> 560 | D16: =B16-C16 -> 0 | E16: =IF(D16=0,"PASS","FAIL") -> PASS | F16: All analyst views cover the master dataset.
A18: Source Report Membership | B18: Claim Count
A19: Claims appearing on 1 report | B19: =COUNTIF('MASTER DATA'!AA2:AA561,1) -> 357
A20: Claims appearing on 2 reports | B20: =COUNTIF('MASTER DATA'!AA2:AA561,2) -> 152
A21: Claims appearing on 3 reports | B21: =COUNTIF('MASTER DATA'!AA2:AA561,3) -> 45
A22: Claims appearing on 4 reports | B22: =COUNTIF('MASTER DATA'!AA2:AA561,4) -> 6
A23: Claims appearing on 5 reports | B23: =COUNTIF('MASTER DATA'!AA2:AA561,5) -> 0
A24: Claims appearing on 2+ reports | B24: =SUM(B20:B23) -> 203
A26: Analyst View | B26: Record Count
A27: Claims Analyst A | B27: =COUNTA('Claims Analyst A'!A2:A1000) -> 42
A28: Claims Analyst B | B28: =COUNTA('Claims Analyst B'!A2:A1000) -> 41
A29: Claims Analyst C | B29: =COUNTA('Claims Analyst C'!A2:A1000) -> 55
A30: Claims Analyst D | B30: =COUNTA('Claims Analyst D'!A2:A1000) -> 17
A31: Claims Analyst E | B31: =COUNTA('Claims Analyst E'!A2:A1000) -> 36
A32: Claims Analyst F | B32: =COUNTA('Claims Analyst F'!A2:A1000) -> 48
A33: Claims Analyst G | B33: =COUNTA('Claims Analyst G'!A2:A1000) -> 55
A34: Claims Analyst H | B34: =COUNTA('Claims Analyst H'!A2:A1000) -> 23
A35: Claims Analyst I | B35: =COUNTA('Claims Analyst I'!A2:A1000) -> 44
A36: Claims Analyst J | B36: =COUNTA('Claims Analyst J'!A2:A1000) -> 63
A37: Claims Analyst K | B37: =COUNTA('Claims Analyst K'!A2:A1000) -> 60
A38: Claims Analyst L | B38: =COUNTA('Claims Analyst L'!A2:A1000) -> 76

Sheet Claims Analyst A
A1: Synthetic Claim ID | B1: Synthetic Claimant | C1: Claims Analyst | D1: Synthetic Policyholder | E1: Date of Injury | F1: Settlement Authorization (Y/N) | G1: Authorized Amount | H1: Authorized By | I1: Authorization Date | J1: Open Stipulation Without C&R (Y/N) | K1: First Stipulation Date | L1: Litigated (Y/N) | M1: Pending QME (Y/N) | N1: QME Date | O1: QME Evaluator | P1: Automated Claim Alert (Y/N) | Q1: Current Automated Alert(s) | R1: Previous Automated Alert(s) | S1: Inactive Customer (Y/N) | T1: Policy Expiration Date | U1: Alert Contains Surgery Request (Y/N) | V1: Alert Contains MMI (Y/N) | W1: Alert Contains Denied Treatment (Y/N) | X1: Alert Contains Specialist Consultation (Y/N) | Y1: Alert Contains Non-Renewed Account (Y/N) | Z1: Alert Contains MSA Eligibility (Y/N) | AA1: Active Opportunity Indicators | AB1: Opportunity Signal Level | AC1: Reports Appearing On
A2: =IF('MASTER DATA'!A2="","",'MASTER DATA'!A2) -> SYN-CLM-0001 | B2: =IF('MASTER DATA'!B2="","",'MASTER DATA'!B2) -> Synthetic Claimant 0001 | C2: =IF('MASTER DATA'!C2="","",'MASTER DATA'!C2) -> Claims Analyst A | D2: =IF('MASTER DATA'!D2="","",'MASTER DATA'!D2) -> Synthetic Policyholder 034, LLC | E2: =IF('MASTER DATA'!E2="","",'MASTER DATA'!E2) -> 44113 | F2: =IF('MASTER DATA'!F2="","",'MASTER DATA'!F2) -> Y | G2: =IF('MASTER DATA'!G2="","",'MASTER DATA'!G2) -> 156750 | H2: =IF('MASTER DATA'!H2="","",'MASTER DATA'!H2) -> Synthetic Approver 07 | ... AC2: =IF('MASTER DATA'!AC2="","",'MASTER DATA'!AC2) -> Settlement Authorization | Automated Claim Alert
A3: =IF('MASTER DATA'!A6="","",'MASTER DATA'!A6) -> SYN-CLM-0005 | B3: =IF('MASTER DATA'!B6="","",'MASTER DATA'!B6) -> Synthetic Claimant 0005 | C3: =IF('MASTER DATA'!C6="","",'MASTER DATA'!C6) -> Claims Analyst A | D3: =IF('MASTER DATA'!D6="","",'MASTER DATA'!D6) -> Synthetic Policyholder 129, LLC | E3: =IF('MASTER DATA'!E6="","",'MASTER DATA'!E6) -> 45421 | F3: =IF('MASTER DATA'!F6="","",'MASTER DATA'!F6) -> Y | G3: =IF('MASTER DATA'!G6="","",'MASTER DATA'!G6) -> 108000 | H3: =IF('MASTER DATA'!H6="","",'MASTER DATA'!H6) -> Synthetic Approver 01 | ... AC3: =IF('MASTER DATA'!AC6="","",'MASTER DATA'!AC6) -> Settlement Authorization
A4: =IF('MASTER DATA'!A7="","",'MASTER DATA'!A7) -> SYN-CLM-0006 | B4: =IF('MASTER DATA'!B7="","",'MASTER DATA'!B7) -> Synthetic Claimant 0006 | C4: =IF('MASTER DATA'!C7="","",'MASTER DATA'!C7) -> Claims Analyst A | D4: =IF('MASTER DATA'!D7="","",'MASTER DATA'!D7) -> Synthetic Policyholder 167, LLC | E4: =IF('MASTER DATA'!E7="","",'MASTER DATA'!E7) -> 44212 | F4: =IF('MASTER DATA'!F7="","",'MASTER DATA'!F7) -> Y | G4: =IF('MASTER DATA'!G7="","",'MASTER DATA'!G7) -> 25250 | H4: =IF('MASTER DATA'!H7="","",'MASTER DATA'!H7) -> Synthetic Approver 09 | ... AC4: =IF('MASTER DATA'!AC7="","",'MASTER DATA'!AC7) -> Settlement Authorization
A5: =IF('MASTER DATA'!A8="","",'MASTER DATA'!A8) -> SYN-CLM-0007 | B5: =IF('MASTER DATA'!B8="","",'MASTER DATA'!B8) -> Synthetic Claimant 0007 | C5: =IF('MASTER DATA'!C8="","",'MASTER DATA'!C8) -> Claims Analyst A | D5: =IF('MASTER DATA'!D8="","",'MASTER DATA'!D8) -> Synthetic Policyholder 080, LLC | E5: =IF('MASTER DATA'!E8="","",'MASTER DATA'!E8) -> 44367 | F5: =IF('MASTER DATA'!F8="","",'MASTER DATA'!F8) -> Y | G5: =IF('MASTER DATA'!G8="","",'MASTER DATA'!G8) -> 55500 | H5: =IF('MASTER DATA'!H8="","",'MASTER DATA'!H8) -> Synthetic Approver 01 | ... AC5: =IF('MASTER DATA'!AC8="","",'MASTER DATA'!AC8) -> Settlement Authorization
A6: =IF('MASTER DATA'!A9="","",'MASTER DATA'!A9) -> SYN-CLM-0008 | B6: =IF('MASTER DATA'!B9="","",'MASTER DATA'!B9) -> Synthetic Claimant 0008 | C6: =IF('MASTER DATA'!C9="","",'MASTER DATA'!C9) -> Claims Analyst A | D6: =IF('MASTER DATA'!D9="","",'MASTER DATA'!D9) -> Synthetic Policyholder 153, LLC | E6: =IF('MASTER DATA'!E9="","",'MASTER DATA'!E9) -> 45296 | F6: =IF('MASTER DATA'!F9="","",'MASTER DATA'!F9) -> Y | G6: =IF('MASTER DATA'!G9="","",'MASTER DATA'!G9) -> 99250 | H6: =IF('MASTER DATA'!H9="","",'MASTER DATA'!H9) -> Synthetic Approver 06 | ... AC6: =IF('MASTER DATA'!AC9="","",'MASTER DATA'!AC9) -> Settlement Authorization
A7: =IF('MASTER DATA'!A10="","",'MASTER DATA'!A10) -> SYN-CLM-0009 | B7: =IF('MASTER DATA'!B10="","",'MASTER DATA'!B10) -> Synthetic Claimant 0009 | C7: =IF('MASTER DATA'!C10="","",'MASTER DATA'!C10) -> Claims Analyst A | D7: =IF('MASTER DATA'!D10="","",'MASTER DATA'!D10) -> Synthetic Policyholder 143, LLC | E7: =IF('MASTER DATA'!E10="","",'MASTER DATA'!E10) -> 45045 | F7: =IF('MASTER DATA'!F10="","",'MASTER DATA'!F10) -> Y | G7: =IF('MASTER DATA'!G10="","",'MASTER DATA'!G10) -> 36250 | H7: =IF('MASTER DATA'!H10="","",'MASTER DATA'!H10) -> Synthetic Approver 02 | ... AC7: =IF('MASTER DATA'!AC10="","",'MASTER DATA'!AC10) -> Settlement Authorization | Open Stipulation
A8: =IF('MASTER DATA'!A11="","",'MASTER DATA'!A11) -> SYN-CLM-0010 | B8: =IF('MASTER DATA'!B11="","",'MASTER DATA'!B11) -> Synthetic Claimant 0010 | C8: =IF('MASTER DATA'!C11="","",'MASTER DATA'!C11) -> Claims Analyst A | D8: =IF('MASTER DATA'!D11="","",'MASTER DATA'!D11) -> Synthetic Policyholder 172, LLC | E8: =IF('MASTER DATA'!E11="","",'MASTER DATA'!E11) -> 45075 | F8: =IF('MASTER DATA'!F11="","",'MASTER DATA'!F11) -> Y | G8: =IF('MASTER DATA'!G11="","",'MASTER DATA'!G11) -> 99500 | H8: =IF('MASTER DATA'!H11="","",'MASTER DATA'!H11) -> Synthetic Approver 08 | ... AC8: =IF('MASTER DATA'!AC11="","",'MASTER DATA'!AC11) -> Settlement Authorization
A9: =IF('MASTER DATA'!A12="","",'MASTER DATA'!A12) -> SYN-CLM-0011 | B9: =IF('MASTER DATA'!B12="","",'MASTER DATA'!B12) -> Synthetic Claimant 0011 | C9: =IF('MASTER DATA'!C12="","",'MASTER DATA'!C12) -> Claims Analyst A | D9: =IF('MASTER DATA'!D12="","",'MASTER DATA'!D12) -> Synthetic Policyholder 103, LLC | E9: =IF('MASTER DATA'!E12="","",'MASTER DATA'!E12) -> 46061 | F9: =IF('MASTER DATA'!F12="","",'MASTER DATA'!F12) -> Y | G9: =IF('MASTER DATA'!G12="","",'MASTER DATA'!G12) -> 151750 | H9: =IF('MASTER DATA'!H12="","",'MASTER DATA'!H12) -> Synthetic Approver 07 | ... AC9: =IF('MASTER DATA'!AC12="","",'MASTER DATA'!AC12) -> Settlement Authorization
A10: =IF('MASTER DATA'!A13="","",'MASTER DATA'!A13) -> SYN-CLM-0012 | B10: =IF('MASTER DATA'!B13="","",'MASTER DATA'!B13) -> Synthetic Claimant 0012 | C10: =IF('MASTER DATA'!C13="","",'MASTER DATA'!C13) -> Claims Analyst A | D10: =IF('MASTER DATA'!D13="","",'MASTER DATA'!D13) -> Synthetic Policyholder 125, LLC | E10: =IF('MASTER DATA'!E13="","",'MASTER DATA'!E13) -> 43150 | F10: =IF('MASTER DATA'!F13="","",'MASTER DATA'!F13) -> N | G10: =IF('MASTER DATA'!G13="","",'MASTER DATA'!G13) | H10: =IF('MASTER DATA'!H13="","",'MASTER DATA'!H13) | ... AC10: =IF('MASTER DATA'!AC13="","",'MASTER DATA'!AC13) -> Open Stipulation
A11: =IF('MASTER DATA'!A14="","",'MASTER DATA'!A14) -> SYN-CLM-0013 | B11: =IF('MASTER DATA'!B14="","",'MASTER DATA'!B14) -> Synthetic Claimant 0013 | C11: =IF('MASTER DATA'!C14="","",'MASTER DATA'!C14) -> Claims Analyst A | D11: =IF('MASTER DATA'!D14="","",'MASTER DATA'!D14) -> Synthetic Policyholder 002, LLC | E11: =IF('MASTER DATA'!E14="","",'MASTER DATA'!E14) -> 43189 | F11: =IF('MASTER DATA'!F14="","",'MASTER DATA'!F14) -> N | G11: =IF('MASTER DATA'!G14="","",'MASTER DATA'!G14) | H11: =IF('MASTER DATA'!H14="","",'MASTER DATA'!H14) | ... AC11: =IF('MASTER DATA'!AC14="","",'MASTER DATA'!AC14) -> Inactive Customer
A12: =IF('MASTER DATA'!A15="","",'MASTER DATA'!A15) -> SYN-CLM-0014 | B12: =IF('MASTER DATA'!B15="","",'MASTER DATA'!B15) -> Synthetic Claimant 0014 | C12: =IF('MASTER DATA'!C15="","",'MASTER DATA'!C15) -> Claims Analyst A | D12: =IF('MASTER DATA'!D15="","",'MASTER DATA'!D15) -> Synthetic Policyholder 171, LLC | E12: =IF('MASTER DATA'!E15="","",'MASTER DATA'!E15) -> 43724 | F12: =IF('MASTER DATA'!F15="","",'MASTER DATA'!F15) -> N | G12: =IF('MASTER DATA'!G15="","",'MASTER DATA'!G15) | H12: =IF('MASTER DATA'!H15="","",'MASTER DATA'!H15) | ... AC12: =IF('MASTER DATA'!AC15="","",'MASTER DATA'!AC15) -> Inactive Customer
A13: =IF('MASTER DATA'!A16="","",'MASTER DATA'!A16) -> SYN-CLM-0015 | B13: =IF('MASTER DATA'!B16="","",'MASTER DATA'!B16) -> Synthetic Claimant 0015 | C13: =IF('MASTER DATA'!C16="","",'MASTER DATA'!C16) -> Claims Analyst A | D13: =IF('MASTER DATA'!D16="","",'MASTER DATA'!D16) -> Synthetic Policyholder 056, LLC | E13: =IF('MASTER DATA'!E16="","",'MASTER DATA'!E16) -> 44130 | F13: =IF('MASTER DATA'!F16="","",'MASTER DATA'!F16) -> Y | G13: =IF('MASTER DATA'!G16="","",'MASTER DATA'!G16) -> 107500 | H13: =IF('MASTER DATA'!H16="","",'MASTER DATA'!H16) -> Synthetic Approver 12 | ... AC13: =IF('MASTER DATA'!AC16="","",'MASTER DATA'!AC16) -> Settlement Authorization
A14: =IF('MASTER DATA'!A17="","",'MASTER DATA'!A17) -> SYN-CLM-0016 | B14: =IF('MASTER DATA'!B17="","",'MASTER DATA'!B17) -> Synthetic Claimant 0016 | C14: =IF('MASTER DATA'!C17="","",'MASTER DATA'!C17) -> Claims Analyst A | D14: =IF('MASTER DATA'!D17="","",'MASTER DATA'!D17) -> Synthetic Policyholder 018, LLC | E14: =IF('MASTER DATA'!E17="","",'MASTER DATA'!E17) -> 44236 | F14: =IF('MASTER DATA'!F17="","",'MASTER DATA'!F17) -> Y | G14: =IF('MASTER DATA'!G17="","",'MASTER DATA'!G17) -> 108750 | H14: =IF('MASTER DATA'!H17="","",'MASTER DATA'!H17) -> Synthetic Approver 04 | ... AC14: =IF('MASTER DATA'!AC17="","",'MASTER DATA'!AC17) -> Settlement Authorization | Inactive Customer
A15: =IF('MASTER DATA'!A18="","",'MASTER DATA'!A18) -> SYN-CLM-0017 | B15: =IF('MASTER DATA'!B18="","",'MASTER DATA'!B18) -> Synthetic Claimant 0017 | C15: =IF('MASTER DATA'!C18="","",'MASTER DATA'!C18) -> Claims Analyst A | D15: =IF('MASTER DATA'!D18="","",'MASTER DATA'!D18) -> Synthetic Policyholder 028, LLC | E15: =IF('MASTER DATA'!E18="","",'MASTER DATA'!E18) -> 43129 | F15: =IF('MASTER DATA'!F18="","",'MASTER DATA'!F18) -> Y | G15: =IF('MASTER DATA'!G18="","",'MASTER DATA'!G18) -> 27250 | H15: =IF('MASTER DATA'!H18="","",'MASTER DATA'!H18) -> Synthetic Approver 05 | ... AC15: =IF('MASTER DATA'!AC18="","",'MASTER DATA'!AC18) -> Settlement Authorization
A16: =IF('MASTER DATA'!A109="","",'MASTER DATA'!A109) -> SYN-CLM-0108 | B16: =IF('MASTER DATA'!B109="","",'MASTER DATA'!B109) -> Synthetic Claimant 0108 | C16: =IF('MASTER DATA'!C109="","",'MASTER DATA'!C109) -> Claims Analyst A | D16: =IF('MASTER DATA'!D109="","",'MASTER DATA'!D109) -> Synthetic Policyholder 127, LLC | E16: =IF('MASTER DATA'!E109="","",'MASTER DATA'!E109) -> 44219 | F16: =IF('MASTER DATA'!F109="","",'MASTER DATA'!F109) -> Y | G16: =IF('MASTER DATA'!G109="","",'MASTER DATA'!G109) -> 22750 | H16: =IF('MASTER DATA'!H109="","",'MASTER DATA'!H109) -> Synthetic Approver 06 | ... AC16: =IF('MASTER DATA'!AC109="","",'MASTER DATA'!AC109) -> Settlement Authorization
A17: =IF('MASTER DATA'!A110="","",'MASTER DATA'!A110) -> SYN-CLM-0109 | B17: =IF('MASTER DATA'!B110="","",'MASTER DATA'!B110) -> Synthetic Claimant 0109 | C17: =IF('MASTER DATA'!C110="","",'MASTER DATA'!C110) -> Claims Analyst A | D17: =IF('MASTER DATA'!D110="","",'MASTER DATA'!D110) -> Synthetic Policyholder 103, LLC | E17: =IF('MASTER DATA'!E110="","",'MASTER DATA'!E110) -> 45779 | F17: =IF('MASTER DATA'!F110="","",'MASTER DATA'!F110) -> Y | G17: =IF('MASTER DATA'!G110="","",'MASTER DATA'!G110) -> 81500 | H17: =IF('MASTER DATA'!H110="","",'MASTER DATA'!H110) -> Synthetic Approver 02 | ... AC17: =IF('MASTER DATA'!AC110="","",'MASTER DATA'!AC110) -> Settlement Authorization
A18: =IF('MASTER DATA'!A111="","",'MASTER DATA'!A111) -> SYN-CLM-0110 | B18: =IF('MASTER DATA'!B111="","",'MASTER DATA'!B111) -> Synthetic Claimant 0110 | C18: =IF('MASTER DATA'!C111="","",'MASTER DATA'!C111) -> Claims Analyst A | D18: =IF('MASTER DATA'!D111="","",'MASTER DATA'!D111) -> Synthetic Policyholder 051, LLC | E18: =IF('MASTER DATA'!E111="","",'MASTER DATA'!E111) -> 43161 | F18: =IF('MASTER DATA'!F111="","",'MASTER DATA'!F111) -> N | G18: =IF('MASTER DATA'!G111="","",'MASTER DATA'!G111) | H18: =IF('MASTER DATA'!H111="","",'MASTER DATA'!H111) | ... AC18: =IF('MASTER DATA'!AC111="","",'MASTER DATA'!AC111) -> Open Stipulation | Pending QME | Inactive Customer
A19: =IF('MASTER DATA'!A112="","",'MASTER DATA'!A112) -> SYN-CLM-0111 | B19: =IF('MASTER DATA'!B112="","",'MASTER DATA'!B112) -> Synthetic Claimant 0111 | C19: =IF('MASTER DATA'!C112="","",'MASTER DATA'!C112) -> Claims Analyst A | D19: =IF('MASTER DATA'!D112="","",'MASTER DATA'!D112) -> Synthetic Policyholder 044, LLC | E19: =IF('MASTER DATA'!E112="","",'MASTER DATA'!E112) -> 45176 | F19: =IF('MASTER DATA'!F112="","",'MASTER DATA'!F112) -> N | G19: =IF('MASTER DATA'!G112="","",'MASTER DATA'!G112) | H19: =IF('MASTER DATA'!H112="","",'MASTER DATA'!H112) | ... AC19: =IF('MASTER DATA'!AC112="","",'MASTER DATA'!AC112) -> Pending QME | Automated Claim Alert
A20: =IF('MASTER DATA'!A113="","",'MASTER DATA'!A113) -> SYN-CLM-0112 | B20: =IF('MASTER DATA'!B113="","",'MASTER DATA'!B113) -> Synthetic Claimant 0112 | C20: =IF('MASTER DATA'!C113="","",'MASTER DATA'!C113) -> Claims Analyst A | D20: =IF('MASTER DATA'!D113="","",'MASTER DATA'!D113) -> Synthetic Policyholder 067, LLC | E20: =IF('MASTER DATA'!E113="","",'MASTER DATA'!E113) -> 44716 | F20: =IF('MASTER DATA'!F113="","",'MASTER DATA'!F113) -> Y | G20: =IF('MASTER DATA'!G113="","",'MASTER DATA'!G113) -> 69750 | H20: =IF('MASTER DATA'!H113="","",'MASTER DATA'!H113) -> Synthetic Approver 04 | ... AC20: =IF('MASTER DATA'!AC113="","",'MASTER DATA'!AC113) -> Settlement Authorization
A21: =IF('MASTER DATA'!A114="","",'MASTER DATA'!A114) -> SYN-CLM-0113 | B21: =IF('MASTER DATA'!B114="","",'MASTER DATA'!B114) -> Synthetic Claimant 0113 | C21: =IF('MASTER DATA'!C114="","",'MASTER DATA'!C114) -> Claims Analyst A | D21: =IF('MASTER DATA'!D114="","",'MASTER DATA'!D114) -> Synthetic Policyholder 025, LLC | E21: =IF('MASTER DATA'!E114="","",'MASTER DATA'!E114) -> 44040 | F21: =IF('MASTER DATA'!F114="","",'MASTER DATA'!F114) -> N | G21: =IF('MASTER DATA'!G114="","",'MASTER DATA'!G114) | H21: =IF('MASTER DATA'!H114="","",'MASTER DATA'!H114) | ... AC21: =IF('MASTER DATA'!AC114="","",'MASTER DATA'!AC114) -> Open Stipulation | Automated Claim Alert
A22: =IF('MASTER DATA'!A115="","",'MASTER DATA'!A115) -> SYN-CLM-0114 | B22: =IF('MASTER DATA'!B115="","",'MASTER DATA'!B115) -> Synthetic Claimant 0114 | C22: =IF('MASTER DATA'!C115="","",'MASTER DATA'!C115) -> Claims Analyst A | D22: =IF('MASTER DATA'!D115="","",'MASTER DATA'!D115) -> Synthetic Policyholder 005, LLC | E22: =IF('MASTER DATA'!E115="","",'MASTER DATA'!E115) -> 43451 | F22: =IF('MASTER DATA'!F115="","",'MASTER DATA'!F115) -> Y | G22: =IF('MASTER DATA'!G115="","",'MASTER DATA'!G115) -> 15000 | H22: =IF('MASTER DATA'!H115="","",'MASTER DATA'!H115) -> Synthetic Approver 08 | ... AC22: =IF('MASTER DATA'!AC115="","",'MASTER DATA'!AC115) -> Settlement Authorization | Open Stipulation | Automated Claim Alert
A23: =IF('MASTER DATA'!A116="","",'MASTER DATA'!A116) -> SYN-CLM-0115 | B23: =IF('MASTER DATA'!B116="","",'MASTER DATA'!B116) -> Synthetic Claimant 0115 | C23: =IF('MASTER DATA'!C116="","",'MASTER DATA'!C116) -> Claims Analyst A | D23: =IF('MASTER DATA'!D116="","",'MASTER DATA'!D116) -> Synthetic Policyholder 061, LLC | E23: =IF('MASTER DATA'!E116="","",'MASTER DATA'!E116) -> 44279 | F23: =IF('MASTER DATA'!F116="","",'MASTER DATA'!F116) -> Y | G23: =IF('MASTER DATA'!G116="","",'MASTER DATA'!G116) -> 13500 | H23: =IF('MASTER DATA'!H116="","",'MASTER DATA'!H116) -> Synthetic Approver 11 | ... AC23: =IF('MASTER DATA'!AC116="","",'MASTER DATA'!AC116) -> Settlement Authorization | Inactive Customer
A24: =IF('MASTER DATA'!A117="","",'MASTER DATA'!A117) -> SYN-CLM-0116 | B24: =IF('MASTER DATA'!B117="","",'MASTER DATA'!B117) -> Synthetic Claimant 0116 | C24: =IF('MASTER DATA'!C117="","",'MASTER DATA'!C117) -> Claims Analyst A | D24: =IF('MASTER DATA'!D117="","",'MASTER DATA'!D117) -> Synthetic Policyholder 079, LLC | E24: =IF('MASTER DATA'!E117="","",'MASTER DATA'!E117) -> 44333 | F24: =IF('MASTER DATA'!F117="","",'MASTER DATA'!F117) -> Y | G24: =IF('MASTER DATA'!G117="","",'MASTER DATA'!G117) -> 159500 | H24: =IF('MASTER DATA'!H117="","",'MASTER DATA'!H117) -> Synthetic Approver 11 | ... AC24: =IF('MASTER DATA'!AC117="","",'MASTER DATA'!AC117) -> Settlement Authorization
A25: =IF('MASTER DATA'!A118="","",'MASTER DATA'!A118) -> SYN-CLM-0117 | B25: =IF('MASTER DATA'!B118="","",'MASTER DATA'!B118) -> Synthetic Claimant 0117 | C25: =IF('MASTER DATA'!C118="","",'MASTER DATA'!C118) -> Claims Analyst A | D25: =IF('MASTER DATA'!D118="","",'MASTER DATA'!D118) -> Synthetic Policyholder 108, LLC | E25: =IF('MASTER DATA'!E118="","",'MASTER DATA'!E118) -> 43837 | F25: =IF('MASTER DATA'!F118="","",'MASTER DATA'!F118) -> N | G25: =IF('MASTER DATA'!G118="","",'MASTER DATA'!G118) | H25: =IF('MASTER DATA'!H118="","",'MASTER DATA'!H118) | ... AC25: =IF('MASTER DATA'!AC118="","",'MASTER DATA'!AC118) -> Inactive Customer
A26: =IF('MASTER DATA'!A119="","",'MASTER DATA'!A119) -> SYN-CLM-0118 | B26: =IF('MASTER DATA'!B119="","",'MASTER DATA'!B119) -> Synthetic Claimant 0118 | C26: =IF('MASTER DATA'!C119="","",'MASTER DATA'!C119) -> Claims Analyst A | D26: =IF('MASTER DATA'!D119="","",'MASTER DATA'!D119) -> Synthetic Policyholder 090, LLC | E26: =IF('MASTER DATA'!E119="","",'MASTER DATA'!E119) -> 45920 | F26: =IF('MASTER DATA'!F119="","",'MASTER DATA'!F119) -> Y | G26: =IF('MASTER DATA'!G119="","",'MASTER DATA'!G119) -> 164500 | H26: =IF('MASTER DATA'!H119="","",'MASTER DATA'!H119) -> Synthetic Approver 10 | ... AC26: =IF('MASTER DATA'!AC119="","",'MASTER DATA'!AC119) -> Settlement Authorization | Pending QME | Automated Claim Alert
A27: =IF('MASTER DATA'!A120="","",'MASTER DATA'!A120) -> SYN-CLM-0119 | B27: =IF('MASTER DATA'!B120="","",'MASTER DATA'!B120) -> Synthetic Claimant 0119 | C27: =IF('MASTER DATA'!C120="","",'MASTER DATA'!C120) -> Claims Analyst A | D27: =IF('MASTER DATA'!D120="","",'MASTER DATA'!D120) -> Synthetic Policyholder 061, LLC | E27: =IF('MASTER DATA'!E120="","",'MASTER DATA'!E120) -> 44593 | F27: =IF('MASTER DATA'!F120="","",'MASTER DATA'!F120) -> Y | G27: =IF('MASTER DATA'!G120="","",'MASTER DATA'!G120) -> 122250 | H27: =IF('MASTER DATA'!H120="","",'MASTER DATA'!H120) -> Synthetic Approver 03 | ... AC27: =IF('MASTER DATA'!AC120="","",'MASTER DATA'!AC120) -> Settlement Authorization | Automated Claim Alert | Inactive Customer
... A43: =IF('MASTER DATA'!A136="","",'MASTER DATA'!A136) -> SYN-CLM-0135 | B43: =IF('MASTER DATA'!B136="","",'MASTER DATA'!B136) -> Synthetic Claimant 0135 | C43: =IF('MASTER DATA'!C136="","",'MASTER DATA'!C136) -> Claims Analyst A | D43: =IF('MASTER DATA'!D136="","",'MASTER DATA'!D136) -> Synthetic Policyholder 014, LLC | E43: =IF('MASTER DATA'!E136="","",'MASTER DATA'!E136) -> 43780 | F43: =IF('MASTER DATA'!F136="","",'MASTER DATA'!F136) -> Y | G43: =IF('MASTER DATA'!G136="","",'MASTER DATA'!G136) -> 72500 | H43: =IF('MASTER DATA'!H136="","",'MASTER DATA'!H136) -> Synthetic Approver 04 | ... AC43: =IF('MASTER DATA'!AC136="","",'MASTER DATA'!AC136) -> Settlement Authorization

Sheet Claims Analyst B
A1: Synthetic Claim ID | B1: Synthetic Claimant | C1: Claims Analyst | D1: Synthetic Policyholder | E1: Date of Injury | F1: Settlement Authorization (Y/N) | G1: Authorized Amount | H1: Authorized By | I1: Authorization Date | J1: Open Stipulation Without C&R (Y/N) | K1: First Stipulation Date | L1: Litigated (Y/N) | M1: Pending QME (Y/N) | N1: QME Date | O1: QME Evaluator | P1: Automated Claim Alert (Y/N) | Q1: Current Automated Alert(s) | R1: Previous Automated Alert(s) | S1: Inactive Customer (Y/N) | T1: Policy Expiration Date | U1: Alert Contains Surgery Request (Y/N) | V1: Alert Contains MMI (Y/N) | W1: Alert Contains Denied Treatment (Y/N) | X1: Alert Contains Specialist Consultation (Y/N) | Y1: Alert Contains Non-Renewed Account (Y/N) | Z1: Alert Contains MSA Eligibility (Y/N) | AA1: Active Opportunity Indicators | AB1: Opportunity Signal Level | AC1: Reports Appearing On
A2: =IF('MASTER DATA'!A137="","",'MASTER DATA'!A137) -> SYN-CLM-0136 | B2: =IF('MASTER DATA'!B137="","",'MASTER DATA'!B137) -> Synthetic Claimant 0136 | C2: =IF('MASTER DATA'!C137="","",'MASTER DATA'!C137) -> Claims Analyst B | D2: =IF('MASTER DATA'!D137="","",'MASTER DATA'!D137) -> Synthetic Policyholder 092, LLC | E2: =IF('MASTER DATA'!E137="","",'MASTER DATA'!E137) -> 44536 | F2: =IF('MASTER DATA'!F137="","",'MASTER DATA'!F137) -> Y | G2: =IF('MASTER DATA'!G137="","",'MASTER DATA'!G137) -> 152500 | H2: =IF('MASTER DATA'!H137="","",'MASTER DATA'!H137) -> Synthetic Approver 11 | ... AC2: =IF('MASTER DATA'!AC137="","",'MASTER DATA'!AC137) -> Settlement Authorization
A3: =IF('MASTER DATA'!A138="","",'MASTER DATA'!A138) -> SYN-CLM-0137 | B3: =IF('MASTER DATA'!B138="","",'MASTER DATA'!B138) -> Synthetic Claimant 0137 | C3: =IF('MASTER DATA'!C138="","",'MASTER DATA'!C138) -> Claims Analyst B | D3: =IF('MASTER DATA'!D138="","",'MASTER DATA'!D138) -> Synthetic Policyholder 088, LLC | E3: =IF('MASTER DATA'!E138="","",'MASTER DATA'!E138) -> 44324 | F3: =IF('MASTER DATA'!F138="","",'MASTER DATA'!F138) -> Y | G3: =IF('MASTER DATA'!G138="","",'MASTER DATA'!G138) -> 143250 | H3: =IF('MASTER DATA'!H138="","",'MASTER DATA'!H138) -> Synthetic Approver 01 | ... AC3: =IF('MASTER DATA'!AC138="","",'MASTER DATA'!AC138) -> Settlement Authorization
A4: =IF('MASTER DATA'!A139="","",'MASTER DATA'!A139) -> SYN-CLM-0138 | B4: =IF('MASTER DATA'!B139="","",'MASTER DATA'!B139) -> Synthetic Claimant 0138 | C4: =IF('MASTER DATA'!C139="","",'MASTER DATA'!C139) -> Claims Analyst B | D4: =IF('MASTER DATA'!D139="","",'MASTER DATA'!D139) -> Synthetic Policyholder 054, LLC | E4: =IF('MASTER DATA'!E139="","",'MASTER DATA'!E139) -> 46021 | F4: =IF('MASTER DATA'!F139="","",'MASTER DATA'!F139) -> N | G4: =IF('MASTER DATA'!G139="","",'MASTER DATA'!G139) | H4: =IF('MASTER DATA'!H139="","",'MASTER DATA'!H139) | ... AC4: =IF('MASTER DATA'!AC139="","",'MASTER DATA'!AC139) -> Automated Claim Alert
A5: =IF('MASTER DATA'!A140="","",'MASTER DATA'!A140) -> SYN-CLM-0139 | B5: =IF('MASTER DATA'!B140="","",'MASTER DATA'!B140) -> Synthetic Claimant 0139 | C5: =IF('MASTER DATA'!C140="","",'MASTER DATA'!C140) -> Claims Analyst B | D5: =IF('MASTER DATA'!D140="","",'MASTER DATA'!D140) -> Synthetic Policyholder 165, LLC | E5: =IF('MASTER DATA'!E140="","",'MASTER DATA'!E140) -> 43646 | F5: =IF('MASTER DATA'!F140="","",'MASTER DATA'!F140) -> Y | G5: =IF('MASTER DATA'!G140="","",'MASTER DATA'!G140) -> 89500 | H5: =IF('MASTER DATA'!H140="","",'MASTER DATA'!H140) -> Synthetic Approver 10 | ... AC5: =IF('MASTER DATA'!AC140="","",'MASTER DATA'!AC140) -> Settlement Authorization | Automated Claim Alert | Inactive Customer
A6: =IF('MASTER DATA'!A141="","",'MASTER DATA'!A141) -> SYN-CLM-0140 | B6: =IF('MASTER DATA'!B141="","",'MASTER DATA'!B141) -> Synthetic Claimant 0140 | C6: =IF('MASTER DATA'!C141="","",'MASTER DATA'!C141) -> Claims Analyst B | D6: =IF('MASTER DATA'!D141="","",'MASTER DATA'!D141) -> Synthetic Policyholder 054, LLC | E6: =IF('MASTER DATA'!E141="","",'MASTER DATA'!E141) -> 43969 | F6: =IF('MASTER DATA'!F141="","",'MASTER DATA'!F141) -> N | G6: =IF('MASTER DATA'!G141="","",'MASTER DATA'!G141) | H6: =IF('MASTER DATA'!H141="","",'MASTER DATA'!H141) | ... AC6: =IF('MASTER DATA'!AC141="","",'MASTER DATA'!AC141) -> Inactive Customer
A7: =IF('MASTER DATA'!A142="","",'MASTER DATA'!A142) -> SYN-CLM-0141 | B7: =IF('MASTER DATA'!B142="","",'MASTER DATA'!B142) -> Synthetic Claimant 0141 | C7: =IF('MASTER DATA'!C142="","",'MASTER DATA'!C142) -> Claims Analyst B | D7: =IF('MASTER DATA'!D142="","",'MASTER DATA'!D142) -> Synthetic Policyholder 106, LLC | E7: =IF('MASTER DATA'!E142="","",'MASTER DATA'!E142) -> 43119 | F7: =IF('MASTER DATA'!F142="","",'MASTER DATA'!F142) -> Y | G7: =IF('MASTER DATA'!G142="","",'MASTER DATA'!G142) -> 125250 | H7: =IF('MASTER DATA'!H142="","",'MASTER DATA'!H142) -> Synthetic Approver 09 | ... AC7: =IF('MASTER DATA'!AC142="","",'MASTER DATA'!AC142) -> Settlement Authorization | Open Stipulation
A8: =IF('MASTER DATA'!A143="","",'MASTER DATA'!A143) -> SYN-CLM-0142 | B8: =IF('MASTER DATA'!B143="","",'MASTER DATA'!B143) -> Synthetic Claimant 0142 | C8: =IF('MASTER DATA'!C143="","",'MASTER DATA'!C143) -> Claims Analyst B | D8: =IF('MASTER DATA'!D143="","",'MASTER DATA'!D143) -> Synthetic Policyholder 043, LLC | E8: =IF('MASTER DATA'!E143="","",'MASTER DATA'!E143) -> 44398 | F8: =IF('MASTER DATA'!F143="","",'MASTER DATA'!F143) -> Y | G8: =IF('MASTER DATA'!G143="","",'MASTER DATA'!G143) -> 35250 | H8: =IF('MASTER DATA'!H143="","",'MASTER DATA'!H143) -> Synthetic Approver 01 | ... AC8: =IF('MASTER DATA'!AC143="","",'MASTER DATA'!AC143) -> Settlement Authorization | Automated Claim Alert
A9: =IF('MASTER DATA'!A144="","",'MASTER DATA'!A144) -> SYN-CLM-0143 | B9: =IF('MASTER DATA'!B144="","",'MASTER DATA'!B144) -> Synthetic Claimant 0143 | C9: =IF('MASTER DATA'!C144="","",'MASTER DATA'!C144) -> Claims Analyst B | D9: =IF('MASTER DATA'!D144="","",'MASTER DATA'!D144) -> Synthetic Policyholder 003, LLC | E9: =IF('MASTER DATA'!E144="","",'MASTER DATA'!E144) -> 44458 | F9: =IF('MASTER DATA'!F144="","",'MASTER DATA'!F144) -> N | G9: =IF('MASTER DATA'!G144="","",'MASTER DATA'!G144) | H9: =IF('MASTER DATA'!H144="","",'MASTER DATA'!H144) | ... AC9: =IF('MASTER DATA'!AC144="","",'MASTER DATA'!AC144) -> Open Stipulation
A10: =IF('MASTER DATA'!A145="","",'MASTER DATA'!A145) -> SYN-CLM-0144 | B10: =IF('MASTER DATA'!B145="","",'MASTER DATA'!B145) -> Synthetic Claimant 0144 | C10: =IF('MASTER DATA'!C145="","",'MASTER DATA'!C145) -> Claims Analyst B | D10: =IF('MASTER DATA'!D145="","",'MASTER DATA'!D145) -> Synthetic Policyholder 174, LLC | E10: =IF('MASTER DATA'!E145="","",'MASTER DATA'!E145) -> 44111 | F10: =IF('MASTER DATA'!F145="","",'MASTER DATA'!F145) -> N | G10: =IF('MASTER DATA'!G145="","",'MASTER DATA'!G145) | H10: =IF('MASTER DATA'!H145="","",'MASTER DATA'!H145) | ... AC10: =IF('MASTER DATA'!AC145="","",'MASTER DATA'!AC145) -> Inactive Customer
A11: =IF('MASTER DATA'!A146="","",'MASTER DATA'!A146) -> SYN-CLM-0145 | B11: =IF('MASTER DATA'!B146="","",'MASTER DATA'!B146) -> Synthetic Claimant 0145 | C11: =IF('MASTER DATA'!C146="","",'MASTER DATA'!C146) -> Claims Analyst B | D11: =IF('MASTER DATA'!D146="","",'MASTER DATA'!D146) -> Synthetic Policyholder 084, LLC | E11: =IF('MASTER DATA'!E146="","",'MASTER DATA'!E146) -> 43367 | F11: =IF('MASTER DATA'!F146="","",'MASTER DATA'!F146) -> Y | G11: =IF('MASTER DATA'!G146="","",'MASTER DATA'!G146) -> 99500 | H11: =IF('MASTER DATA'!H146="","",'MASTER DATA'!H146) -> Synthetic Approver 05 | ... AC11: =IF('MASTER DATA'!AC146="","",'MASTER DATA'!AC146) -> Settlement Authorization | Inactive Customer
A12: =IF('MASTER DATA'!A147="","",'MASTER DATA'!A147) -> SYN-CLM-0146 | B12: =IF('MASTER DATA'!B147="","",'MASTER DATA'!B147) -> Synthetic Claimant 0146 | C12: =IF('MASTER DATA'!C147="","",'MASTER DATA'!C147) -> Claims Analyst B | D12: =IF('MASTER DATA'!D147="","",'MASTER DATA'!D147) -> Synthetic Policyholder 022, LLC | E12: =IF('MASTER DATA'!E147="","",'MASTER DATA'!E147) -> 43994 | F12: =IF('MASTER DATA'!F147="","",'MASTER DATA'!F147) -> Y | G12: =IF('MASTER DATA'!G147="","",'MASTER DATA'!G147) -> 117500 | H12: =IF('MASTER DATA'!H147="","",'MASTER DATA'!H147) -> Synthetic Approver 05 | ... AC12: =IF('MASTER DATA'!AC147="","",'MASTER DATA'!AC147) -> Settlement Authorization | Pending QME | Automated Claim Alert
A13: =IF('MASTER DATA'!A148="","",'MASTER DATA'!A148) -> SYN-CLM-0147 | B13: =IF('MASTER DATA'!B148="","",'MASTER DATA'!B148) -> Synthetic Claimant 0147 | C13: =IF('MASTER DATA'!C148="","",'MASTER DATA'!C148) -> Claims Analyst B | D13: =IF('MASTER DATA'!D148="","",'MASTER DATA'!D148) -> Synthetic Policyholder 160, LLC | E13: =IF('MASTER DATA'!E148="","",'MASTER DATA'!E148) -> 44498 | F13: =IF('MASTER DATA'!F148="","",'MASTER DATA'!F148) -> Y | G13: =IF('MASTER DATA'!G148="","",'MASTER DATA'!G148) -> 113500 | H13: =IF('MASTER DATA'!H148="","",'MASTER DATA'!H148) -> Synthetic Approver 01 | ... AC13: =IF('MASTER DATA'!AC148="","",'MASTER DATA'!AC148) -> Settlement Authorization
... A42: =IF('MASTER DATA'!A177="","",'MASTER DATA'!A177) -> SYN-CLM-0176 | B42: =IF('MASTER DATA'!B177="","",'MASTER DATA'!B177) -> Synthetic Claimant 0176 | C42: =IF('MASTER DATA'!C177="","",'MASTER DATA'!C177) -> Claims Analyst B | D42: =IF('MASTER DATA'!D177="","",'MASTER DATA'!D177) -> Synthetic Policyholder 137, LLC | E42: =IF('MASTER DATA'!E177="","",'MASTER DATA'!E177) -> 44365 | F42: =IF('MASTER DATA'!F177="","",'MASTER DATA'!F177) -> N | G42: =IF('MASTER DATA'!G177="","",'MASTER DATA'!G177) | H42: =IF('MASTER DATA'!H177="","",'MASTER DATA'!H177) | ... AC42: =IF('MASTER DATA'!AC177="","",'MASTER DATA'!AC177) -> Automated Claim Alert

Sheet Claims Analyst C
A1: Synthetic Claim ID | B1: Synthetic Claimant | C1: Claims Analyst | D1: Synthetic Policyholder | E1: Date of Injury | F1: Settlement Authorization (Y/N) | G1: Authorized Amount | H1: Authorized By | I1: Authorization Date | J1: Open Stipulation Without C&R (Y/N) | K1: First Stipulation Date | L1: Litigated (Y/N) | M1: Pending QME (Y/N) | N1: QME Date | O1: QME Evaluator | P1: Automated Claim Alert (Y/N) | Q1: Current Automated Alert(s) | R1: Previous Automated Alert(s) | S1: Inactive Customer (Y/N) | T1: Policy Expiration Date | U1: Alert Contains Surgery Request (Y/N) | V1: Alert Contains MMI (Y/N) | W1: Alert Contains Denied Treatment (Y/N) | X1: Alert Contains Specialist Consultation (Y/N) | Y1: Alert Contains Non-Renewed Account (Y/N) | Z1: Alert Contains MSA Eligibility (Y/N) | AA1: Active Opportunity Indicators | AB1: Opportunity Signal Level | AC1: Reports Appearing On
A2: =IF('MASTER DATA'!A19="","",'MASTER DATA'!A19) -> SYN-CLM-0018 | B2: =IF('MASTER DATA'!B19="","",'MASTER DATA'!B19) -> Synthetic Claimant 0018 | C2: =IF('MASTER DATA'!C19="","",'MASTER DATA'!C19) -> Claims Analyst C | D2: =IF('MASTER DATA'!D19="","",'MASTER DATA'!D19) -> Synthetic Policyholder 157, LLC | E2: =IF('MASTER DATA'!E19="","",'MASTER DATA'!E19) -> 45454 | F2: =IF('MASTER DATA'!F19="","",'MASTER DATA'!F19) -> N | G2: =IF('MASTER DATA'!G19="","",'MASTER DATA'!G19) | H2: =IF('MASTER DATA'!H19="","",'MASTER DATA'!H19) | ... AC2: =IF('MASTER DATA'!AC19="","",'MASTER DATA'!AC19) -> Open Stipulation | Automated Claim Alert
A3: =IF('MASTER DATA'!A20="","",'MASTER DATA'!A20) -> SYN-CLM-0019 | B3: =IF('MASTER DATA'!B20="","",'MASTER DATA'!B20) -> Synthetic Claimant 0019 | C3: =IF('MASTER DATA'!C20="","",'MASTER DATA'!C20) -> Claims Analyst C | D3: =IF('MASTER DATA'!D20="","",'MASTER DATA'!D20) -> Synthetic Policyholder 004, LLC | E3: =IF('MASTER DATA'!E20="","",'MASTER DATA'!E20) -> 44294 | F3: =IF('MASTER DATA'!F20="","",'MASTER DATA'!F20) -> N | G3: =IF('MASTER DATA'!G20="","",'MASTER DATA'!G20) | H3: =IF('MASTER DATA'!H20="","",'MASTER DATA'!H20) | ... AC3: =IF('MASTER DATA'!AC20="","",'MASTER DATA'!AC20) -> Open Stipulation | Inactive Customer
A4: =IF('MASTER DATA'!A21="","",'MASTER DATA'!A21) -> SYN-CLM-0020 | B4: =IF('MASTER DATA'!B21="","",'MASTER DATA'!B21) -> Synthetic Claimant 0020 | C4: =IF('MASTER DATA'!C21="","",'MASTER DATA'!C21) -> Claims Analyst C | D4: =IF('MASTER DATA'!D21="","",'MASTER DATA'!D21) -> Synthetic Policyholder 115, LLC | E4: =IF('MASTER DATA'!E21="","",'MASTER DATA'!E21) -> 43797 | F4: =IF('MASTER DATA'!F21="","",'MASTER DATA'!F21) -> N | G4: =IF('MASTER DATA'!G21="","",'MASTER DATA'!G21) | H4: =IF('MASTER DATA'!H21="","",'MASTER DATA'!H21) | ... AC4: =IF('MASTER DATA'!AC21="","",'MASTER DATA'!AC21) -> Open Stipulation | Pending QME | Inactive Customer
A5: =IF('MASTER DATA'!A22="","",'MASTER DATA'!A22) -> SYN-CLM-0021 | B5: =IF('MASTER DATA'!B22="","",'MASTER DATA'!B22) -> Synthetic Claimant 0021 | C5: =IF('MASTER DATA'!C22="","",'MASTER DATA'!C22) -> Claims Analyst C | D5: =IF('MASTER DATA'!D22="","",'MASTER DATA'!D22) -> Synthetic Policyholder 090, LLC | E5: =IF('MASTER DATA'!E22="","",'MASTER DATA'!E22) -> 43386 | F5: =IF('MASTER DATA'!F22="","",'MASTER DATA'!F22) -> Y | G5: =IF('MASTER DATA'!G22="","",'MASTER DATA'!G22) -> 133500 | H5: =IF('MASTER DATA'!H22="","",'MASTER DATA'!H22) -> Synthetic Approver 12 | ... AC5: =IF('MASTER DATA'!AC22="","",'MASTER DATA'!AC22) -> Settlement Authorization
A6: =IF('MASTER DATA'!A23="","",'MASTER DATA'!A23) -> SYN-CLM-0022 | B6: =IF('MASTER DATA'!B23="","",'MASTER DATA'!B23) -> Synthetic Claimant 0022 | C6: =IF('MASTER DATA'!C23="","",'MASTER DATA'!C23) -> Claims Analyst C | D6: =IF('MASTER DATA'!D23="","",'MASTER DATA'!D23) -> Synthetic Policyholder 073, LLC | E6: =IF('MASTER DATA'!E23="","",'MASTER DATA'!E23) -> 43350 | F6: =IF('MASTER DATA'!F23="","",'MASTER DATA'!F23) -> N | G6: =IF('MASTER DATA'!G23="","",'MASTER DATA'!G23) | H6: =IF('MASTER DATA'!H23="","",'MASTER DATA'!H23) | ... AC6: =IF('MASTER DATA'!AC23="","",'MASTER DATA'!AC23) -> Open Stipulation
A7: =IF('MASTER DATA'!A24="","",'MASTER DATA'!A24) -> SYN-CLM-0023 | B7: =IF('MASTER DATA'!B24="","",'MASTER DATA'!B24) -> Synthetic Claimant 0023 | C7: =IF('MASTER DATA'!C24="","",'MASTER DATA'!C24) -> Claims Analyst C | D7: =IF('MASTER DATA'!D24="","",'MASTER DATA'!D24) -> Synthetic Policyholder 040, LLC | E7: =IF('MASTER DATA'!E24="","",'MASTER DATA'!E24) -> 43869 | F7: =IF('MASTER DATA'!F24="","",'MASTER DATA'!F24) -> N | G7: =IF('MASTER DATA'!G24="","",'MASTER DATA'!G24) | H7: =IF('MASTER DATA'!H24="","",'MASTER DATA'!H24) | ... AC7: =IF('MASTER DATA'!AC24="","",'MASTER DATA'!AC24) -> Pending QME
A8: =IF('MASTER DATA'!A25="","",'MASTER DATA'!A25) -> SYN-CLM-0024 | B8: =IF('MASTER DATA'!B25="","",'MASTER DATA'!B25) -> Synthetic Claimant 0024 | C8: =IF('MASTER DATA'!C25="","",'MASTER DATA'!C25) -> Claims Analyst C | D8: =IF('MASTER DATA'!D25="","",'MASTER DATA'!D25) -> Synthetic Policyholder 155, LLC | E8: =IF('MASTER DATA'!E25="","",'MASTER DATA'!E25) -> 43616 | F8: =IF('MASTER DATA'!F25="","",'MASTER DATA'!F25) -> N | G8: =IF('MASTER DATA'!G25="","",'MASTER DATA'!G25) | H8: =IF('MASTER DATA'!H25="","",'MASTER DATA'!H25) | ... AC8: =IF('MASTER DATA'!AC25="","",'MASTER DATA'!AC25) -> Automated Claim Alert
A9: =IF('MASTER DATA'!A26="","",'MASTER DATA'!A26) -> SYN-CLM-0025 | B9: =IF('MASTER DATA'!B26="","",'MASTER DATA'!B26) -> Synthetic Claimant 0025 | C9: =IF('MASTER DATA'!C26="","",'MASTER DATA'!C26) -> Claims Analyst C | D9: =IF('MASTER DATA'!D26="","",'MASTER DATA'!D26) -> Synthetic Policyholder 090, LLC | E9: =IF('MASTER DATA'!E26="","",'MASTER DATA'!E26) -> 45098 | F9: =IF('MASTER DATA'!F26="","",'MASTER DATA'!F26) -> Y | G9: =IF('MASTER DATA'!G26="","",'MASTER DATA'!G26) -> 141000 | H9: =IF('MASTER DATA'!H26="","",'MASTER DATA'!H26) -> Synthetic Approver 12 | ... AC9: =IF('MASTER DATA'!AC26="","",'MASTER DATA'!AC26) -> Settlement Authorization
A10: =IF('MASTER DATA'!A27="","",'MASTER DATA'!A27) -> SYN-CLM-0026 | B10: =IF('MASTER DATA'!B27="","",'MASTER DATA'!B27) -> Synthetic Claimant 0026 | C10: =IF('MASTER DATA'!C27="","",'MASTER DATA'!C27) -> Claims Analyst C | D10: =IF('MASTER DATA'!D27="","",'MASTER DATA'!D27) -> Synthetic Policyholder 042, LLC | E10: =IF('MASTER DATA'!E27="","",'MASTER DATA'!E27) -> 43998 | F10: =IF('MASTER DATA'!F27="","",'MASTER DATA'!F27) -> Y | G10: =IF('MASTER DATA'!G27="","",'MASTER DATA'!G27) -> 31750 | H10: =IF('MASTER DATA'!H27="","",'MASTER DATA'!H27) -> Synthetic Approver 12 | ... AC10: =IF('MASTER DATA'!AC27="","",'MASTER DATA'!AC27) -> Settlement Authorization | Automated Claim Alert
A11: =IF('MASTER DATA'!A28="","",'MASTER DATA'!A28) -> SYN-CLM-0027 | B11: =IF('MASTER DATA'!B28="","",'MASTER DATA'!B28) -> Synthetic Claimant 0027 | C11: =IF('MASTER DATA'!C28="","",'MASTER DATA'!C28) -> Claims Analyst C | D11: =IF('MASTER DATA'!D28="","",'MASTER DATA'!D28) -> Synthetic Policyholder 104, LLC | E11: =IF('MASTER DATA'!E28="","",'MASTER DATA'!E28) -> 44367 | F11: =IF('MASTER DATA'!F28="","",'MASTER DATA'!F28) -> N | G11: =IF('MASTER DATA'!G28="","",'MASTER DATA'!G28) | H11: =IF('MASTER DATA'!H28="","",'MASTER DATA'!H28) | ... AC11: =IF('MASTER DATA'!AC28="","",'MASTER DATA'!AC28) -> Inactive Customer
A12: =IF('MASTER DATA'!A29="","",'MASTER DATA'!A29) -> SYN-CLM-0028 | B12: =IF('MASTER DATA'!B29="","",'MASTER DATA'!B29) -> Synthetic Claimant 0028 | C12: =IF('MASTER DATA'!C29="","",'MASTER DATA'!C29) -> Claims Analyst C | D12: =IF('MASTER DATA'!D29="","",'MASTER DATA'!D29) -> Synthetic Policyholder 096, LLC | E12: =IF('MASTER DATA'!E29="","",'MASTER DATA'!E29) -> 44646 | F12: =IF('MASTER DATA'!F29="","",'MASTER DATA'!F29) -> N | G12: =IF('MASTER DATA'!G29="","",'MASTER DATA'!G29) | H12: =IF('MASTER DATA'!H29="","",'MASTER DATA'!H29) | ... AC12: =IF('MASTER DATA'!AC29="","",'MASTER DATA'!AC29) -> Open Stipulation
A13: =IF('MASTER DATA'!A30="","",'MASTER DATA'!A30) -> SYN-CLM-0029 | B13: =IF('MASTER DATA'!B30="","",'MASTER DATA'!B30) -> Synthetic Claimant 0029 | C13: =IF('MASTER DATA'!C30="","",'MASTER DATA'!C30) -> Claims Analyst C | D13: =IF('MASTER DATA'!D30="","",'MASTER DATA'!D30) -> Synthetic Policyholder 089, LLC | E13: =IF('MASTER DATA'!E30="","",'MASTER DATA'!E30) -> 43270 | F13: =IF('MASTER DATA'!F30="","",'MASTER DATA'!F30) -> Y | G13: =IF('MASTER DATA'!G30="","",'MASTER DATA'!G30) -> 115750 | H13: =IF('MASTER DATA'!H30="","",'MASTER DATA'!H30) -> Synthetic Approver 12 | ... AC13: =IF('MASTER DATA'!AC30="","",'MASTER DATA'!AC30) -> Settlement Authorization | Automated Claim Alert | Inactive Customer
... A15: =IF('MASTER DATA'!A32="","",'MASTER DATA'!A32) -> SYN-CLM-0031 | B15: =IF('MASTER DATA'!B32="","",'MASTER DATA'!B32) -> Synthetic Claimant 0031 | C15: =IF('MASTER DATA'!C32="","",'MASTER DATA'!C32) -> Claims Analyst C | D15: =IF('MASTER DATA'!D32="","",'MASTER DATA'!D32) -> Synthetic Policyholder 048, LLC | E15: =IF('MASTER DATA'!E32="","",'MASTER DATA'!E32) -> 43595 | F15: =IF('MASTER DATA'!F32="","",'MASTER DATA'!F32) -> Y | G15: =IF('MASTER DATA'!G32="","",'MASTER DATA'!G32) -> 170500 | H15: =IF('MASTER DATA'!H32="","",'MASTER DATA'!H32) -> Synthetic Approver 06 | ... AC15: =IF('MASTER DATA'!AC32="","",'MASTER DATA'!AC32) -> Settlement Authorization | Inactive Customer
A16: =IF('MASTER DATA'!A178="","",'MASTER DATA'!A178) -> SYN-CLM-0177 | B16: =IF('MASTER DATA'!B178="","",'MASTER DATA'!B178) -> Synthetic Claimant 0177 | C16: =IF('MASTER DATA'!C178="","",'MASTER DATA'!C178) -> Claims Analyst C | D16: =IF('MASTER DATA'!D178="","",'MASTER DATA'!D178) -> Synthetic Policyholder 151, LLC | E16: =IF('MASTER DATA'!E178="","",'MASTER DATA'!E178) -> 43181 | F16: =IF('MASTER DATA'!F178="","",'MASTER DATA'!F178) -> N | G16: =IF('MASTER DATA'!G178="","",'MASTER DATA'!G178) | H16: =IF('MASTER DATA'!H178="","",'MASTER DATA'!H178) | ... AC16: =IF('MASTER DATA'!AC178="","",'MASTER DATA'!AC178) -> Inactive Customer
A17: =IF('MASTER DATA'!A179="","",'MASTER DATA'!A179) -> SYN-CLM-0178 | B17: =IF('MASTER DATA'!B179="","",'MASTER DATA'!B179) -> Synthetic Claimant 0178 | C17: =IF('MASTER DATA'!C179="","",'MASTER DATA'!C179) -> Claims Analyst C | D17: =IF('MASTER DATA'!D179="","",'MASTER DATA'!D179) -> Synthetic Policyholder 135, LLC | E17: =IF('MASTER DATA'!E179="","",'MASTER DATA'!E179) -> 43903 | F17: =IF('MASTER DATA'!F179="","",'MASTER DATA'!F179) -> Y | G17: =IF('MASTER DATA'!G179="","",'MASTER DATA'!G179) -> 166500 | H17: =IF('MASTER DATA'!H179="","",'MASTER DATA'!H179) -> Synthetic Approver 08 | ... AC17: =IF('MASTER DATA'!AC179="","",'MASTER DATA'!AC179) -> Settlement Authorization | Open Stipulation
A18: =IF('MASTER DATA'!A180="","",'MASTER DATA'!A180) -> SYN-CLM-0179 | B18: =IF('MASTER DATA'!B180="","",'MASTER DATA'!B180) -> Synthetic Claimant 0179 | C18: =IF('MASTER DATA'!C180="","",'MASTER DATA'!C180) -> Claims Analyst C | D18: =IF('MASTER DATA'!D180="","",'MASTER DATA'!D180) -> Synthetic Policyholder 135, LLC | E18: =IF('MASTER DATA'!E180="","",'MASTER DATA'!E180) -> 45947 | F18: =IF('MASTER DATA'!F180="","",'MASTER DATA'!F180) -> Y | G18: =IF('MASTER DATA'!G180="","",'MASTER DATA'!G180) -> 107000 | H18: =IF('MASTER DATA'!H180="","",'MASTER DATA'!H180) -> Synthetic Approver 03 | ... AC18: =IF('MASTER DATA'!AC180="","",'MASTER DATA'!AC180) -> Settlement Authorization | Inactive Customer
A19: =IF('MASTER DATA'!A181="","",'MASTER DATA'!A181) -> SYN-CLM-0180 | B19: =IF('MASTER DATA'!B181="","",'MASTER DATA'!B181) -> Synthetic Claimant 0180 | C19: =IF('MASTER DATA'!C181="","",'MASTER DATA'!C181) -> Claims Analyst C | D19: =IF('MASTER DATA'!D181="","",'MASTER DATA'!D181) -> Synthetic Policyholder 091, LLC | E19: =IF('MASTER DATA'!E181="","",'MASTER DATA'!E181) -> 44181 | F19: =IF('MASTER DATA'!F181="","",'MASTER DATA'!F181) -> N | G19: =IF('MASTER DATA'!G181="","",'MASTER DATA'!G181) | H19: =IF('MASTER DATA'!H181="","",'MASTER DATA'!H181) | ... AC19: =IF('MASTER DATA'!AC181="","",'MASTER DATA'!AC181) -> Automated Claim Alert
A20: =IF('MASTER DATA'!A182="","",'MASTER DATA'!A182) -> SYN-CLM-0181 | B20: =IF('MASTER DATA'!B182="","",'MASTER DATA'!B182) -> Synthetic Claimant 0181 | C20: =IF('MASTER DATA'!C182="","",'MASTER DATA'!C182) -> Claims Analyst C | D20: =IF('MASTER DATA'!D182="","",'MASTER DATA'!D182) -> Synthetic Policyholder 055, LLC | E20: =IF('MASTER DATA'!E182="","",'MASTER DATA'!E182) -> 46019 | F20: =IF('MASTER DATA'!F182="","",'MASTER DATA'!F182) -> Y | G20: =IF('MASTER DATA'!G182="","",'MASTER DATA'!G182) -> 146250 | H20: =IF('MASTER DATA'!H182="","",'MASTER DATA'!H182) -> Synthetic Approver 12 | ... AC20: =IF('MASTER DATA'!AC182="","",'MASTER DATA'!AC182) -> Settlement Authorization
A21: =IF('MASTER DATA'!A183="","",'MASTER DATA'!A183) -> SYN-CLM-0182 | B21: =IF('MASTER DATA'!B183="","",'MASTER DATA'!B183) -> Synthetic Claimant 0182 | C21: =IF('MASTER DATA'!C183="","",'MASTER DATA'!C183) -> Claims Analyst C | D21: =IF('MASTER DATA'!D183="","",'MASTER DATA'!D183) -> Synthetic Policyholder 170, LLC | E21: =IF('MASTER DATA'!E183="","",'MASTER DATA'!E183) -> 45492 | F21: =IF('MASTER DATA'!F183="","",'MASTER DATA'!F183) -> N | G21: =IF('MASTER DATA'!G183="","",'MASTER DATA'!G183) | H21: =IF('MASTER DATA'!H183="","",'MASTER DATA'!H183) | ... AC21: =IF('MASTER DATA'!AC183="","",'MASTER DATA'!AC183) -> Inactive Customer
A22: =IF('MASTER DATA'!A184="","",'MASTER DATA'!A184) -> SYN-CLM-0183 | B22: =IF('MASTER DATA'!B184="","",'MASTER DATA'!B184) -> Synthetic Claimant 0183 | C22: =IF('MASTER DATA'!C184="","",'MASTER DATA'!C184) -> Claims Analyst C | D22: =IF('MASTER DATA'!D184="","",'MASTER DATA'!D184) -> Synthetic Policyholder 036, LLC | E22: =IF('MASTER DATA'!E184="","",'MASTER DATA'!E184) -> 44253 | F22: =IF('MASTER DATA'!F184="","",'MASTER DATA'!F184) -> Y | G22: =IF('MASTER DATA'!G184="","",'MASTER DATA'!G184) -> 25250 | H22: =IF('MASTER DATA'!H184="","",'MASTER DATA'!H184) -> Synthetic Approver 04 | ... AC22: =IF('MASTER DATA'!AC184="","",'MASTER DATA'!AC184) -> Settlement Authorization | Open Stipulation
A23: =IF('MASTER DATA'!A185="","",'MASTER DATA'!A185) -> SYN-CLM-0184 | B23: =IF('MASTER DATA'!B185="","",'MASTER DATA'!B185) -> Synthetic Claimant 0184 | C23: =IF('MASTER DATA'!C185="","",'MASTER DATA'!C185) -> Claims Analyst C | D23: =IF('MASTER DATA'!D185="","",'MASTER DATA'!D185) -> Synthetic Policyholder 063, LLC | E23: =IF('MASTER DATA'!E185="","",'MASTER DATA'!E185) -> 43104 | F23: =IF('MASTER DATA'!F185="","",'MASTER DATA'!F185) -> Y | G23: =IF('MASTER DATA'!G185="","",'MASTER DATA'!G185) -> 169500 | H23: =IF('MASTER DATA'!H185="","",'MASTER DATA'!H185) -> Synthetic Approver 02 | ... AC23: =IF('MASTER DATA'!AC185="","",'MASTER DATA'!AC185) -> Settlement Authorization | Automated Claim Alert | Inactive Customer
A24: =IF('MASTER DATA'!A186="","",'MASTER DATA'!A186) -> SYN-CLM-0185 | B24: =IF('MASTER DATA'!B186="","",'MASTER DATA'!B186) -> Synthetic Claimant 0185 | C24: =IF('MASTER DATA'!C186="","",'MASTER DATA'!C186) -> Claims Analyst C | D24: =IF('MASTER DATA'!D186="","",'MASTER DATA'!D186) -> Synthetic Policyholder 112, LLC | E24: =IF('MASTER DATA'!E186="","",'MASTER DATA'!E186) -> 44856 | F24: =IF('MASTER DATA'!F186="","",'MASTER DATA'!F186) -> Y | G24: =IF('MASTER DATA'!G186="","",'MASTER DATA'!G186) -> 147500 | H24: =IF('MASTER DATA'!H186="","",'MASTER DATA'!H186) -> Synthetic Approver 01 | ... AC24: =IF('MASTER DATA'!AC186="","",'MASTER DATA'!AC186) -> Settlement Authorization | Pending QME
A25: =IF('MASTER DATA'!A187="","",'MASTER DATA'!A187) -> SYN-CLM-0186 | B25: =IF('MASTER DATA'!B187="","",'MASTER DATA'!B187) -> Synthetic Claimant 0186 | C25: =IF('MASTER DATA'!C187="","",'MASTER DATA'!C187) -> Claims Analyst C | D25: =IF('MASTER DATA'!D187="","",'MASTER DATA'!D187) -> Synthetic Policyholder 100, LLC | E25: =IF('MASTER DATA'!E187="","",'MASTER DATA'!E187) -> 45882 | F25: =IF('MASTER DATA'!F187="","",'MASTER DATA'!F187) -> Y | G25: =IF('MASTER DATA'!G187="","",'MASTER DATA'!G187) -> 105000 | H25: =IF('MASTER DATA'!H187="","",'MASTER DATA'!H187) -> Synthetic Approver 04 | ... AC25: =IF('MASTER DATA'!AC187="","",'MASTER DATA'!AC187) -> Settlement Authorization
A26: =IF('MASTER DATA'!A188="","",'MASTER DATA'!A188) -> SYN-CLM-0187 | B26: =IF('MASTER DATA'!B188="","",'MASTER DATA'!B188) -> Synthetic Claimant 0187 | C26: =IF('MASTER DATA'!C188="","",'MASTER DATA'!C188) -> Claims Analyst C | D26: =IF('MASTER DATA'!D188="","",'MASTER DATA'!D188) -> Synthetic Policyholder 151, LLC | E26: =IF('MASTER DATA'!E188="","",'MASTER DATA'!E188) -> 43899 | F26: =IF('MASTER DATA'!F188="","",'MASTER DATA'!F188) -> Y | G26: =IF('MASTER DATA'!G188="","",'MASTER DATA'!G188) -> 64250 | H26: =IF('MASTER DATA'!H188="","",'MASTER DATA'!H188) -> Synthetic Approver 05 | ... AC26: =IF('MASTER DATA'!AC188="","",'MASTER DATA'!AC188) -> Settlement Authorization
A27: =IF('MASTER DATA'!A189="","",'MASTER DATA'!A189) -> SYN-CLM-0188 | B27: =IF('MASTER DATA'!B189="","",'MASTER DATA'!B189) -> Synthetic Claimant 0188 | C27: =IF('MASTER DATA'!C189="","",'MASTER DATA'!C189) -> Claims Analyst C | D27: =IF('MASTER DATA'!D189="","",'MASTER DATA'!D189) -> Synthetic Policyholder 148, LLC | E27: =IF('MASTER DATA'!E189="","",'MASTER DATA'!E189) -> 43944 | F27: =IF('MASTER DATA'!F189="","",'MASTER DATA'!F189) -> N | G27: =IF('MASTER DATA'!G189="","",'MASTER DATA'!G189) | H27: =IF('MASTER DATA'!H189="","",'MASTER DATA'!H189) | ... AC27: =IF('MASTER DATA'!AC189="","",'MASTER DATA'!AC189) -> Inactive Customer
... A56: =IF('MASTER DATA'!A218="","",'MASTER DATA'!A218) -> SYN-CLM-0217 | B56: =IF('MASTER DATA'!B218="","",'MASTER DATA'!B218) -> Synthetic Claimant 0217 | C56: =IF('MASTER DATA'!C218="","",'MASTER DATA'!C218) -> Claims Analyst C | D56: =IF('MASTER DATA'!D218="","",'MASTER DATA'!D218) -> Synthetic Policyholder 157, LLC | E56: =IF('MASTER DATA'!E218="","",'MASTER DATA'!E218) -> 43120 | F56: =IF('MASTER DATA'!F218="","",'MASTER DATA'!F218) -> Y | G56: =IF('MASTER DATA'!G218="","",'MASTER DATA'!G218) -> 69250 | H56: =IF('MASTER DATA'!H218="","",'MASTER DATA'!H218) -> Synthetic Approver 04 | ... AC56: =IF('MASTER DATA'!AC218="","",'MASTER DATA'!AC218) -> Settlement Authorization

Sheet Claims Analyst D
A1: Synthetic Claim ID | B1: Synthetic Claimant | C1: Claims Analyst | D1: Synthetic Policyholder | E1: Date of Injury | F1: Settlement Authorization (Y/N) | G1: Authorized Amount | H1: Authorized By | I1: Authorization Date | J1: Open Stipulation Without C&R (Y/N) | K1: First Stipulation Date | L1: Litigated (Y/N) | M1: Pending QME (Y/N) | N1: QME Date | O1: QME Evaluator | P1: Automated Claim Alert (Y/N) | Q1: Current Automated Alert(s) | R1: Previous Automated Alert(s) | S1: Inactive Customer (Y/N) | T1: Policy Expiration Date | U1: Alert Contains Surgery Request (Y/N) | V1: Alert Contains MMI (Y/N) | W1: Alert Contains Denied Treatment (Y/N) | X1: Alert Contains Specialist Consultation (Y/N) | Y1: Alert Contains Non-Renewed Account (Y/N) | Z1: Alert Contains MSA Eligibility (Y/N) | AA1: Active Opportunity Indicators | AB1: Opportunity Signal Level | AC1: Reports Appearing On
A2: =IF('MASTER DATA'!A33="","",'MASTER DATA'!A33) -> SYN-CLM-0032 | B2: =IF('MASTER DATA'!B33="","",'MASTER DATA'!B33) -> Synthetic Claimant 0032 | C2: =IF('MASTER DATA'!C33="","",'MASTER DATA'!C33) -> Claims Analyst D | D2: =IF('MASTER DATA'!D33="","",'MASTER DATA'!D33) -> Synthetic Policyholder 004, LLC | E2: =IF('MASTER DATA'!E33="","",'MASTER DATA'!E33) -> 45156 | F2: =IF('MASTER DATA'!F33="","",'MASTER DATA'!F33) -> Y | G2: =IF('MASTER DATA'!G33="","",'MASTER DATA'!G33) -> 122250 | H2: =IF('MASTER DATA'!H33="","",'MASTER DATA'!H33) -> Synthetic Approver 02 | ... AC2: =IF('MASTER DATA'!AC33="","",'MASTER DATA'!AC33) -> Settlement Authorization
A3: =IF('MASTER DATA'!A219="","",'MASTER DATA'!A219) -> SYN-CLM-0218 | B3: =IF('MASTER DATA'!B219="","",'MASTER DATA'!B219) -> Synthetic Claimant 0218 | C3: =IF('MASTER DATA'!C219="","",'MASTER DATA'!C219) -> Claims Analyst D | D3: =IF('MASTER DATA'!D219="","",'MASTER DATA'!D219) -> Synthetic Policyholder 175, LLC | E3: =IF('MASTER DATA'!E219="","",'MASTER DATA'!E219) -> 45231 | F3: =IF('MASTER DATA'!F219="","",'MASTER DATA'!F219) -> Y | G3: =IF('MASTER DATA'!G219="","",'MASTER DATA'!G219) -> 65500 | H3: =IF('MASTER DATA'!H219="","",'MASTER DATA'!H219) -> Synthetic Approver 09 | ... AC3: =IF('MASTER DATA'!AC219="","",'MASTER DATA'!AC219) -> Settlement Authorization
A4: =IF('MASTER DATA'!A220="","",'MASTER DATA'!A220) -> SYN-CLM-0219 | B4: =IF('MASTER DATA'!B220="","",'MASTER DATA'!B220) -> Synthetic Claimant 0219 | C4: =IF('MASTER DATA'!C220="","",'MASTER DATA'!C220) -> Claims Analyst D | D4: =IF('MASTER DATA'!D220="","",'MASTER DATA'!D220) -> Synthetic Policyholder 039, LLC | E4: =IF('MASTER DATA'!E220="","",'MASTER DATA'!E220) -> 46043 | F4: =IF('MASTER DATA'!F220="","",'MASTER DATA'!F220) -> Y | G4: =IF('MASTER DATA'!G220="","",'MASTER DATA'!G220) -> 101000 | H4: =IF('MASTER DATA'!H220="","",'MASTER DATA'!H220) -> Synthetic Approver 05 | ... AC4: =IF('MASTER DATA'!AC220="","",'MASTER DATA'!AC220) -> Settlement Authorization
A5: =IF('MASTER DATA'!A221="","",'MASTER DATA'!A221) -> SYN-CLM-0220 | B5: =IF('MASTER DATA'!B221="","",'MASTER DATA'!B221) -> Synthetic Claimant 0220 | C5: =IF('MASTER DATA'!C221="","",'MASTER DATA'!C221) -> Claims Analyst D | D5: =IF('MASTER DATA'!D221="","",'MASTER DATA'!D221) -> Synthetic Policyholder 122, LLC | E5: =IF('MASTER DATA'!E221="","",'MASTER DATA'!E221) -> 44257 | F5: =IF('MASTER DATA'!F221="","",'MASTER DATA'!F221) -> N | G5: =IF('MASTER DATA'!G221="","",'MASTER DATA'!G221) | H5: =IF('MASTER DATA'!H221="","",'MASTER DATA'!H221) | ... AC5: =IF('MASTER DATA'!AC221="","",'MASTER DATA'!AC221) -> Inactive Customer
A6: =IF('MASTER DATA'!A222="","",'MASTER DATA'!A222) -> SYN-CLM-0221 | B6: =IF('MASTER DATA'!B222="","",'MASTER DATA'!B222) -> Synthetic Claimant 0221 | C6: =IF('MASTER DATA'!C222="","",'MASTER DATA'!C222) -> Claims Analyst D | D6: =IF('MASTER DATA'!D222="","",'MASTER DATA'!D222) -> Synthetic Policyholder 004, LLC | E6: =IF('MASTER DATA'!E222="","",'MASTER DATA'!E222) -> 45770 | F6: =IF('MASTER DATA'!F222="","",'MASTER DATA'!F222) -> Y | G6: =IF('MASTER DATA'!G222="","",'MASTER DATA'!G222) -> 79000 | H6: =IF('MASTER DATA'!H222="","",'MASTER DATA'!H222) -> Synthetic Approver 06 | ... AC6: =IF('MASTER DATA'!AC222="","",'MASTER DATA'!AC222) -> Settlement Authorization
A7: =IF('MASTER DATA'!A223="","",'MASTER DATA'!A223) -> SYN-CLM-0222 | B7: =IF('MASTER DATA'!B223="","",'MASTER DATA'!B223) -> Synthetic Claimant 0222 | C7: =IF('MASTER DATA'!C223="","",'MASTER DATA'!C223) -> Claims Analyst D | D7: =IF('MASTER DATA'!D223="","",'MASTER DATA'!D223) -> Synthetic Policyholder 113, LLC | E7: =IF('MASTER DATA'!E223="","",'MASTER DATA'!E223) -> 43575 | F7: =IF('MASTER DATA'!F223="","",'MASTER DATA'!F223) -> Y | G7: =IF('MASTER DATA'!G223="","",'MASTER DATA'!G223) -> 158000 | H7: =IF('MASTER DATA'!H223="","",'MASTER DATA'!H223) -> Synthetic Approver 03 | ... AC7: =IF('MASTER DATA'!AC223="","",'MASTER DATA'!AC223) -> Settlement Authorization | Open Stipulation
A8: =IF('MASTER DATA'!A224="","",'MASTER DATA'!A224) -> SYN-CLM-0223 | B8: =IF('MASTER DATA'!B224="","",'MASTER DATA'!B224) -> Synthetic Claimant 0223 | C8: =IF('MASTER DATA'!C224="","",'MASTER DATA'!C224) -> Claims Analyst D | D8: =IF('MASTER DATA'!D224="","",'MASTER DATA'!D224) -> Synthetic Policyholder 023, LLC | E8: =IF('MASTER DATA'!E224="","",'MASTER DATA'!E224) -> 44151 | F8: =IF('MASTER DATA'!F224="","",'MASTER DATA'!F224) -> Y | G8: =IF('MASTER DATA'!G224="","",'MASTER DATA'!G224) -> 165750 | H8: =IF('MASTER DATA'!H224="","",'MASTER DATA'!H224) -> Synthetic Approver 02 | ... AC8: =IF('MASTER DATA'!AC224="","",'MASTER DATA'!AC224) -> Settlement Authorization
A9: =IF('MASTER DATA'!A225="","",'MASTER DATA'!A225) -> SYN-CLM-0224 | B9: =IF('MASTER DATA'!B225="","",'MASTER DATA'!B225) -> Synthetic Claimant 0224 | C9: =IF('MASTER DATA'!C225="","",'MASTER DATA'!C225) -> Claims Analyst D | D9: =IF('MASTER DATA'!D225="","",'MASTER DATA'!D225) -> Synthetic Policyholder 069, LLC | E9: =IF('MASTER DATA'!E225="","",'MASTER DATA'!E225) -> 43562 | F9: =IF('MASTER DATA'!F225="","",'MASTER DATA'!F225) -> Y | G9: =IF('MASTER DATA'!G225="","",'MASTER DATA'!G225) -> 138500 | H9: =IF('MASTER DATA'!H225="","",'MASTER DATA'!H225) -> Synthetic Approver 09 | ... AC9: =IF('MASTER DATA'!AC225="","",'MASTER DATA'!AC225) -> Settlement Authorization | Inactive Customer
A10: =IF('MASTER DATA'!A226="","",'MASTER DATA'!A226) -> SYN-CLM-0225 | B10: =IF('MASTER DATA'!B226="","",'MASTER DATA'!B226) -> Synthetic Claimant 0225 | C10: =IF('MASTER DATA'!C226="","",'MASTER DATA'!C226) -> Claims Analyst D | D10: =IF('MASTER DATA'!D226="","",'MASTER DATA'!D226) -> Synthetic Policyholder 041, LLC | E10: =IF('MASTER DATA'!E226="","",'MASTER DATA'!E226) -> 45528 | F10: =IF('MASTER DATA'!F226="","",'MASTER DATA'!F226) -> N | G10: =IF('MASTER DATA'!G226="","",'MASTER DATA'!G226) | H10: =IF('MASTER DATA'!H226="","",'MASTER DATA'!H226) | ... AC10: =IF('MASTER DATA'!AC226="","",'MASTER DATA'!AC226) -> Automated Claim Alert
A11: =IF('MASTER DATA'!A227="","",'MASTER DATA'!A227) -> SYN-CLM-0226 | B11: =IF('MASTER DATA'!B227="","",'MASTER DATA'!B227) -> Synthetic Claimant 0226 | C11: =IF('MASTER DATA'!C227="","",'MASTER DATA'!C227) -> Claims Analyst D | D11: =IF('MASTER DATA'!D227="","",'MASTER DATA'!D227) -> Synthetic Policyholder 088, LLC | E11: =IF('MASTER DATA'!E227="","",'MASTER DATA'!E227) -> 44452 | F11: =IF('MASTER DATA'!F227="","",'MASTER DATA'!F227) -> Y | G11: =IF('MASTER DATA'!G227="","",'MASTER DATA'!G227) -> 111500 | H11: =IF('MASTER DATA'!H227="","",'MASTER DATA'!H227) -> Synthetic Approver 01 | ... AC11: =IF('MASTER DATA'!AC227="","",'MASTER DATA'!AC227) -> Settlement Authorization
A12: =IF('MASTER DATA'!A228="","",'MASTER DATA'!A228) -> SYN-CLM-0227 | B12: =IF('MASTER DATA'!B228="","",'MASTER DATA'!B228) -> Synthetic Claimant 0227 | C12: =IF('MASTER DATA'!C228="","",'MASTER DATA'!C228) -> Claims Analyst D | D12: =IF('MASTER DATA'!D228="","",'MASTER DATA'!D228) -> Synthetic Policyholder 024, LLC | E12: =IF('MASTER DATA'!E228="","",'MASTER DATA'!E228) -> 45050 | F12: =IF('MASTER DATA'!F228="","",'MASTER DATA'!F228) -> Y | G12: =IF('MASTER DATA'!G228="","",'MASTER DATA'!G228) -> 166750 | H12: =IF('MASTER DATA'!H228="","",'MASTER DATA'!H228) -> Synthetic Approver 01 | ... AC12: =IF('MASTER DATA'!AC228="","",'MASTER DATA'!AC228) -> Settlement Authorization
A13: =IF('MASTER DATA'!A229="","",'MASTER DATA'!A229) -> SYN-CLM-0228 | B13: =IF('MASTER DATA'!B229="","",'MASTER DATA'!B229) -> Synthetic Claimant 0228 | C13: =IF('MASTER DATA'!C229="","",'MASTER DATA'!C229) -> Claims Analyst D | D13: =IF('MASTER DATA'!D229="","",'MASTER DATA'!D229) -> Synthetic Policyholder 025, LLC | E13: =IF('MASTER DATA'!E229="","",'MASTER DATA'!E229) -> 45723 | F13: =IF('MASTER DATA'!F229="","",'MASTER DATA'!F229) -> Y | G13: =IF('MASTER DATA'!G229="","",'MASTER DATA'!G229) -> 94000 | H13: =IF('MASTER DATA'!H229="","",'MASTER DATA'!H229) -> Synthetic Approver 05 | ... AC13: =IF('MASTER DATA'!AC229="","",'MASTER DATA'!AC229) -> Settlement Authorization | Inactive Customer
A14: =IF('MASTER DATA'!A230="","",'MASTER DATA'!A230) -> SYN-CLM-0229 | B14: =IF('MASTER DATA'!B230="","",'MASTER DATA'!B230) -> Synthetic Claimant 0229 | C14: =IF('MASTER DATA'!C230="","",'MASTER DATA'!C230) -> Claims Analyst D | D14: =IF('MASTER DATA'!D230="","",'MASTER DATA'!D230) -> Synthetic Policyholder 111, LLC | E14: =IF('MASTER DATA'!E230="","",'MASTER DATA'!E230) -> 43402 | F14: =IF('MASTER DATA'!F230="","",'MASTER DATA'!F230) -> Y | G14: =IF('MASTER DATA'!G230="","",'MASTER DATA'!G230) -> 104500 | H14: =IF('MASTER DATA'!H230="","",'MASTER DATA'!H230) -> Synthetic Approver 09 | ... AC14: =IF('MASTER DATA'!AC230="","",'MASTER DATA'!AC230) -> Settlement Authorization
... A18: =IF('MASTER DATA'!A234="","",'MASTER DATA'!A234) -> SYN-CLM-0233 | B18: =IF('MASTER DATA'!B234="","",'MASTER DATA'!B234) -> Synthetic Claimant 0233 | C18: =IF('MASTER DATA'!C234="","",'MASTER DATA'!C234) -> Claims Analyst D | D18: =IF('MASTER DATA'!D234="","",'MASTER DATA'!D234) -> Synthetic Policyholder 180, LLC | E18: =IF('MASTER DATA'!E234="","",'MASTER DATA'!E234) -> 45763 | F18: =IF('MASTER DATA'!F234="","",'MASTER DATA'!F234) -> Y | G18: =IF('MASTER DATA'!G234="","",'MASTER DATA'!G234) -> 35000 | H18: =IF('MASTER DATA'!H234="","",'MASTER DATA'!H234) -> Synthetic Approver 01 | ... AC18: =IF('MASTER DATA'!AC234="","",'MASTER DATA'!AC234) -> Settlement Authorization

Sheet Claims Analyst E
A1: Synthetic Claim ID | B1: Synthetic Claimant | C1: Claims Analyst | D1: Synthetic Policyholder | E1: Date of Injury | F1: Settlement Authorization (Y/N) | G1: Authorized Amount | H1: Authorized By | I1: Authorization Date | J1: Open Stipulation Without C&R (Y/N) | K1: First Stipulation Date | L1: Litigated (Y/N) | M1: Pending QME (Y/N) | N1: QME Date | O1: QME Evaluator | P1: Automated Claim Alert (Y/N) | Q1: Current Automated Alert(s) | R1: Previous Automated Alert(s) | S1: Inactive Customer (Y/N) | T1: Policy Expiration Date | U1: Alert Contains Surgery Request (Y/N) | V1: Alert Contains MMI (Y/N) | W1: Alert Contains Denied Treatment (Y/N) | X1: Alert Contains Specialist Consultation (Y/N) | Y1: Alert Contains Non-Renewed Account (Y/N) | Z1: Alert Contains MSA Eligibility (Y/N) | AA1: Active Opportunity Indicators | AB1: Opportunity Signal Level | AC1: Reports Appearing On
A2: =IF('MASTER DATA'!A34="","",'MASTER DATA'!A34) -> SYN-CLM-0033 | B2: =IF('MASTER DATA'!B34="","",'MASTER DATA'!B34) -> Synthetic Claimant 0033 | C2: =IF('MASTER DATA'!C34="","",'MASTER DATA'!C34) -> Claims Analyst E | D2: =IF('MASTER DATA'!D34="","",'MASTER DATA'!D34) -> Synthetic Policyholder 125, LLC | E2: =IF('MASTER DATA'!E34="","",'MASTER DATA'!E34) -> 45236 | F2: =IF('MASTER DATA'!F34="","",'MASTER DATA'!F34) -> N | G2: =IF('MASTER DATA'!G34="","",'MASTER DATA'!G34) | H2: =IF('MASTER DATA'!H34="","",'MASTER DATA'!H34) | ... AC2: =IF('MASTER DATA'!AC34="","",'MASTER DATA'!AC34) -> Inactive Customer
A3: =IF('MASTER DATA'!A35="","",'MASTER DATA'!A35) -> SYN-CLM-0034 | B3: =IF('MASTER DATA'!B35="","",'MASTER DATA'!B35) -> Synthetic Claimant 0034 | C3: =IF('MASTER DATA'!C35="","",'MASTER DATA'!C35) -> Claims Analyst E | D3: =IF('MASTER DATA'!D35="","",'MASTER DATA'!D35) -> Synthetic Policyholder 019, LLC | E3: =IF('MASTER DATA'!E35="","",'MASTER DATA'!E35) -> 43929 | F3: =IF('MASTER DATA'!F35="","",'MASTER DATA'!F35) -> Y | G3: =IF('MASTER DATA'!G35="","",'MASTER DATA'!G35) -> 71250 | H3: =IF('MASTER DATA'!H35="","",'MASTER DATA'!H35) -> Synthetic Approver 01 | ... AC3: =IF('MASTER DATA'!AC35="","",'MASTER DATA'!AC35) -> Settlement Authorization
A4: =IF('MASTER DATA'!A36="","",'MASTER DATA'!A36) -> SYN-CLM-0035 | B4: =IF('MASTER DATA'!B36="","",'MASTER DATA'!B36) -> Synthetic Claimant 0035 | C4: =IF('MASTER DATA'!C36="","",'MASTER DATA'!C36) -> Claims Analyst E | D4: =IF('MASTER DATA'!D36="","",'MASTER DATA'!D36) -> Synthetic Policyholder 014, LLC | E4: =IF('MASTER DATA'!E36="","",'MASTER DATA'!E36) -> 45664 | F4: =IF('MASTER DATA'!F36="","",'MASTER DATA'!F36) -> N | G4: =IF('MASTER DATA'!G36="","",'MASTER DATA'!G36) | H4: =IF('MASTER DATA'!H36="","",'MASTER DATA'!H36) | ... AC4: =IF('MASTER DATA'!AC36="","",'MASTER DATA'!AC36) -> Open Stipulation
A5: =IF('MASTER DATA'!A37="","",'MASTER DATA'!A37) -> SYN-CLM-0036 | B5: =IF('MASTER DATA'!B37="","",'MASTER DATA'!B37) -> Synthetic Claimant 0036 | C5: =IF('MASTER DATA'!C37="","",'MASTER DATA'!C37) -> Claims Analyst E | D5: =IF('MASTER DATA'!D37="","",'MASTER DATA'!D37) -> Synthetic Policyholder 170, LLC | E5: =IF('MASTER DATA'!E37="","",'MASTER DATA'!E37) -> 43425 | F5: =IF('MASTER DATA'!F37="","",'MASTER DATA'!F37) -> Y | G5: =IF('MASTER DATA'!G37="","",'MASTER DATA'!G37) -> 69000 | H5: =IF('MASTER DATA'!H37="","",'MASTER DATA'!H37) -> Synthetic Approver 09 | ... AC5: =IF('MASTER DATA'!AC37="","",'MASTER DATA'!AC37) -> Settlement Authorization | Open Stipulation
